,year_drafted,round,pick_overall,player,school_name,g,mp,fg,fga,fg2,fg2a,fg3,fg3a,ft,fta,orb,drb,trb,ast,stl,blk,tov,pf,pts,per,obpm,dbpm,bpm,ts_pct,efg_pct,orb_pct,drb_pct,trb_pct,ast_pct,stl_pct,blk_pct,tov_pct,usg_pct,off_rtg,def_rtg,ows,dws,ws,pprod,allStar,pts_pg,fg_p,fg2_p,fg3_p,ft_p,trb_p,ast_p,stl_p,blk_p
0,2003,1,3,Carmelo Anthony,Syracuse,35.0,1274.0,277.0,612.0,221.0,446.0,56.0,166.0,168.0,238.0,101.0,248.0,349.0,77.0,55.0,30.0,77.0,77.0,778.0,21.2,4.1,2.9,7.4,0.537,0.498,6.0,14.8,14.0,11.9,1.9,1.5,9.6,29.3,114.1,97.9,2.7,3.1,5.8,425.0,1.0,22.228571428571428,0.4526143790849673,0.49551569506726456,0.33734939758832927,0.7058823529382106,9.971428571428572,2.2,1.5714285714285714,0.8571428571428571
1,2003,1,4,Chris Bosh,Georgia Tech,31.0,960.0,168.0,300.0,146.0,254.0,22.0,46.0,127.0,174.0,95.0,183.0,278.0,38.0,30.0,67.0,72.0,73.0,485.0,21.2,4.1,2.9,7.4,0.634,0.597,6.0,14.8,11.0,12.7,1.9,1.8,15.8,22.9,114.1,97.9,3.5,2.9,6.4,425.0,1.0,15.64516129032258,0.56,0.5748031496062992,0.47826086955482044,0.7298850574670697,8.96774193548387,1.2258064516129032,0.967741935483871,2.161290322580645
2,2003,1,5,Dwyane Wade,Marquette,33.0,1058.0,251.0,501.0,237.0,457.0,14.0,44.0,194.0,249.0,60.0,149.0,209.0,145.0,71.0,43.0,107.0,76.0,710.0,21.2,4.1,2.9,7.4,0.573,0.515,6.0,14.8,11.0,12.7,1.9,1.8,14.7,22.9,114.1,97.9,3.6,2.9,6.5,425.0,1.0,21.515151515151516,0.500998003992016,0.5185995623632386,0.3181818181745868,0.7791164658603249,6.333333333333333,4.393939393939394,2.1515151515151514,1.303030303030303
3,2003,1,18,David West,Xavier,32.0,1168.0,213.0,415.0,204.0,389.0,9.0,26.0,209.0,256.0,100.0,278.0,378.0,102.0,42.0,52.0,85.0,95.0,644.0,21.2,4.1,2.9,7.4,0.6,0.524,6.0,14.8,11.0,12.7,1.9,1.8,13.7,22.9,114.1,97.9,4.0,5.7,9.7,425.0,1.0,20.125,0.5132530120481927,0.5244215938303342,0.3461538461405325,0.816406249996811,11.8125,3.1875,1.3125,1.625
4,2003,1,29,Josh Howard,Wake Forest,31.0,1002.0,204.0,428.0,151.0,286.0,53.0,142.0,145.0,174.0,102.0,155.0,257.0,59.0,64.0,48.0,82.0,89.0,606.0,21.2,4.1,2.9,7.4,0.593,0.539,6.0,14.8,14.0,13.4,1.9,3.2,13.8,28.0,114.1,97.9,3.6,3.5,7.0,425.0,1.0,19.548387096774192,0.4766355140186916,0.527972027972028,0.3732394366170899,0.8333333333285441,8.290322580645162,1.903225806451613,2.064516129032258,1.5483870967741935
5,2003,2,36,Mario Austin,Mississippi State,25.0,823.0,149.0,279.0,144.0,267.0,5.0,12.0,85.0,128.0,66.0,126.0,192.0,30.0,27.0,17.0,61.0,49.0,388.0,21.2,4.1,2.9,7.4,0.5710000000000001,0.5429999999999999,6.0,14.8,11.0,12.7,1.9,1.8,15.2,22.9,114.1,97.9,2.2,2.2,4.4,425.0,0.0,15.52,0.5340501792114696,0.5393258426966292,0.41666666663194446,0.664062499994812,7.68,1.2,1.08,0.68
6,2003,2,40,Derrick Zimmerman,Mississippi State,31.0,1024.0,99.0,208.0,84.0,156.0,15.0,52.0,63.0,97.0,25.0,105.0,130.0,171.0,58.0,26.0,105.0,64.0,276.0,21.2,4.1,2.9,7.4,0.5429999999999999,0.512,6.0,14.8,11.0,12.7,1.9,1.8,29.2,22.9,114.1,97.9,1.4,3.1,4.5,425.0,0.0,8.903225806451612,0.47596153846153844,0.5384615384615384,0.28846153845599115,0.6494845360757785,4.193548387096774,5.516129032258065,1.8709677419354838,0.8387096774193549
7,2003,2,47,Mo Williams,Alabama,29.0,1038.0,160.0,371.0,103.0,191.0,57.0,180.0,98.0,117.0,29.0,84.0,113.0,112.0,36.0,5.0,86.0,61.0,475.0,21.2,4.1,2.9,7.4,0.557,0.508,6.0,14.8,6.2,24.4,1.9,0.4,16.8,24.8,114.1,97.9,2.4,1.8,4.1,425.0,0.0,16.379310344827587,0.431266846361186,0.5392670157068062,0.31666666666490745,0.8376068375996786,3.896551724137931,3.8620689655172415,1.2413793103448276,0.1724137931034483
8,2004,2,31,Jackson Vroman,Iowa State,31.0,947.0,155.0,281.0,155.0,275.0,0.0,6.0,79.0,153.0,80.0,211.0,291.0,56.0,31.0,48.0,78.0,116.0,389.0,21.2,4.1,2.9,7.4,0.55,0.552,6.0,14.8,11.0,12.7,1.9,1.8,18.1,22.9,114.1,97.9,1.8,2.9,4.6,425.0,0.0,12.548387096774194,0.5516014234875445,0.5636363636363636,0.0,0.5163398692776711,9.387096774193548,1.8064516129032258,1.0,1.5483870967741935
9,2004,2,51,Christian Drejer,Florida,20.0,589.0,74.0,158.0,52.0,102.0,22.0,56.0,33.0,44.0,16.0,79.0,95.0,79.0,20.0,6.0,50.0,54.0,203.0,21.2,4.1,2.9,7.4,0.5670000000000001,0.5379999999999999,6.0,14.8,9.4,25.0,1.9,0.7,21.8,19.7,114.1,97.9,1.1,0.6,1.7,425.0,0.0,10.15,0.46835443037974683,0.5098039215686274,0.39285714285012757,0.7499999999829546,4.75,3.95,1.0,0.3
10,2005,1,3,Deron Williams,Illinois,33.666666666666664,1066.6666666666667,133.33333333333334,315.6666666666667,79.0,170.33333333333334,54.333333333333336,145.33333333333334,49.333333333333336,72.0,14.333333333333334,97.0,111.33333333333333,198.0,38.333333333333336,7.333333333333333,81.0,74.66666666666667,370.3333333333333,21.2,4.1,2.9,7.400000000000001,0.526,0.5076666666666666,6.0,14.800000000000002,6.233333333333334,33.06666666666666,1.8999999999999997,0.5333333333333333,19.400000000000002,20.5,114.09999999999998,97.90000000000002,1.4666666666666666,2.0666666666666664,3.533333333333333,425.0,1.0,10.950320512820513,0.4225199071001991,0.4655533808748676,0.37072813014442446,0.6656944444346465,3.281036324786325,5.82238247863248,1.1483974358974358,0.2204594017094017
11,2005,1,4,Chris Paul,Wake Forest,31.5,1055.0,139.0,294.5,96.0,203.0,43.0,91.5,153.0,182.5,21.5,101.0,122.5,197.5,80.0,6.5,85.5,81.5,474.0,21.2,4.1,2.9,7.4,0.623,0.5469999999999999,6.0,14.8,6.55,32.3,1.9,0.45,18.35,20.55,114.1,97.9,3.15,1.5,4.699999999999999,425.0,1.0,15.044354838709676,0.4737138151790685,0.47583088954056696,0.46967154159159075,0.8384606140673846,3.879032258064516,6.264112903225806,2.542338709677419,0.2091733870967742
12,2005,1,8,Channing Frye,Arizona,34.5,981.0,196.0,350.0,194.5,341.0,1.5,9.0,100.0,131.5,99.5,170.0,269.5,47.5,26.5,72.5,47.5,91.0,493.5,21.2,4.1,2.9,7.4,0.597,0.563,6.0,14.8,15.200000000000001,8.6,1.9,4.8,10.0,21.45,114.1,97.9,2.85,3.75,6.65,425.0,0.0,14.188766891891891,0.5613120269133727,0.5704544053813712,0.08823529411245674,0.7468508615510148,7.8264358108108105,1.332347972972973,0.754222972972973,2.0861486486486487
13,2005,1,15,Antoine Wright,Texas A&M,31.0,1052.0,193.0,385.0,122.0,226.0,71.0,159.0,96.0,139.0,51.0,134.0,185.0,69.0,36.0,22.0,75.0,79.0,553.0,21.2,4.1,2.9,7.4,0.613,0.594,6.0,14.8,11.0,12.7,1.9,1.8,14.3,22.9,114.1,97.9,3.9,2.0,5.9,425.0,0.0,17.838709677419356,0.5012987012987012,0.5398230088495575,0.44654088050033625,0.6906474820094198,5.967741935483871,2.225806451612903,1.1612903225806452,0.7096774193548387
14,2005,1,16,Joey Graham,Oklahoma State,33.0,1009.0,201.0,380.0,175.0,325.0,26.0,55.0,157.0,177.0,53.0,151.0,204.0,67.0,30.0,5.0,88.0,102.0,585.0,21.2,4.1,2.9,7.4,0.63,0.563,6.0,14.8,12.8,13.5,1.9,0.4,15.9,27.7,114.1,97.9,4.3,1.6,5.8,425.0,0.0,17.727272727272727,0.5289473684210526,0.5384615384615384,0.4727272727186777,0.8870056497125028,6.181818181818182,2.0303030303030303,0.9090909090909091,0.15151515151515152
15,2005,1,21,Nate Robinson,Washington,31.0,833.0,138.0,309.0,92.0,179.0,46.0,130.0,87.0,102.0,52.0,69.0,121.0,84.0,53.0,3.0,61.0,75.0,409.0,21.2,4.1,2.9,7.4,0.5720000000000001,0.521,6.0,14.8,8.2,18.5,1.9,0.2,14.6,22.8,114.1,97.9,1.9,0.9,2.8,425.0,0.0,13.193548387096774,0.44660194174757284,0.5139664804469274,0.353846153843432,0.852941176462226,3.903225806451613,2.7096774193548385,1.7096774193548387,0.0967741935483871
16,2005,1,27,Linas Kleiza,Missouri,33.0,1038.0,165.0,409.0,134.0,296.0,31.0,113.0,169.0,231.0,71.0,179.0,250.0,53.0,20.0,9.0,89.0,92.0,530.0,21.2,4.1,2.9,7.4,0.511,0.441,6.0,14.8,14.1,13.3,1.9,0.7,14.6,30.3,114.1,97.9,1.5,1.5,3.0,425.0,0.0,16.060606060606062,0.4034229828850856,0.4527027027027027,0.27433628318341297,0.7316017315985646,7.575757575757576,1.606060606060606,0.6060606060606061,0.2727272727272727
17,2005,1,29,Wayne Simien,Kansas,16.0,390.0,95.0,147.0,95.0,147.0,0.0,0.0,46.0,68.0,51.0,80.0,131.0,9.0,15.0,5.0,20.0,33.0,236.0,21.2,4.1,2.9,7.4,0.6579999999999999,0.6459999999999999,6.0,14.8,11.0,12.7,1.9,1.8,10.0,22.9,114.1,97.9,1.8,1.2,3.0,425.0,0.0,14.75,0.6462585034013606,0.6462585034013606,0.0,0.676470588225346,8.1875,0.5625,0.9375,0.3125
18,2005,1,30,David Lee,Florida,32.0,871.3333333333334,153.0,263.3333333333333,153.0,261.3333333333333,0.0,2.0,100.0,141.0,73.0,168.33333333333334,241.33333333333334,73.0,31.0,29.333333333333332,70.0,78.33333333333333,406.0,21.2,4.1,2.9,7.400000000000001,0.6186666666666666,0.5870000000000001,6.0,14.800000000000002,16.266666666666666,17.333333333333332,1.8999999999999997,2.4,17.433333333333334,23.433333333333334,114.09999999999998,97.90000000000002,2.8000000000000003,2.2333333333333334,5.033333333333334,425.0,1.0,12.708832274356467,0.5868838483361983,0.590757641414871,0.0,0.7035437104352301,7.542196155099382,2.291564841968068,0.9729349951124145,0.906891495601173
19,2005,2,31,Salim Stoudamire,Arizona,29.0,927.0,151.0,334.0,73.0,146.0,78.0,188.0,93.0,117.0,16.0,63.0,79.0,86.0,24.0,2.0,61.0,69.0,473.0,21.2,4.1,2.9,7.4,0.607,0.569,6.0,14.8,4.6,14.9,1.9,0.1,13.5,21.6,114.1,97.9,2.7,0.6,3.3,425.0,0.0,16.310344827586206,0.45209580838323354,0.5,0.41489361701906974,0.794871794865001,2.7241379310344827,2.9655172413793105,0.8275862068965517,0.06896551724137931
20,2005,2,32,Daniel Ewing,Duke,33.0,1138.0,181.0,424.0,112.0,225.0,69.0,199.0,74.0,107.0,23.0,81.0,104.0,132.0,65.0,13.0,98.0,99.0,505.0,21.2,4.1,2.9,7.4,0.532,0.508,6.0,14.8,11.0,12.7,1.9,1.8,17.1,22.9,114.1,97.9,1.9,2.3,4.1,425.0,0.0,15.303030303030303,0.4268867924528302,0.49777777777777776,0.34673366833996616,0.6915887850402656,3.1515151515151514,4.0,1.9696969696969697,0.3939393939393939
21,2005,2,37,Ronny Turiaf,Gonzaga,33.0,814.0,151.0,291.0,150.0,285.0,1.0,6.0,212.0,279.0,77.0,129.0,206.0,19.0,20.0,49.0,64.0,102.0,515.0,21.2,4.1,2.9,7.4,0.608,0.521,6.0,14.8,14.9,5.1,1.9,4.3,13.1,29.8,114.1,97.9,3.2,2.2,5.4,425.0,0.0,15.606060606060606,0.5189003436426117,0.5263157894736842,0.16666666663888888,0.7598566308216493,6.242424242424242,0.5757575757575758,0.6060606060606061,1.4848484848484849
22,2005,2,38,Travis Diener,Marquette,33.0,1146.0,124.0,313.0,55.0,123.0,69.0,190.0,74.0,91.0,13.0,92.0,105.0,184.0,47.0,5.0,71.0,66.0,391.0,21.2,4.1,2.9,7.4,0.5489999999999999,0.506,6.0,14.8,11.0,12.7,1.9,1.8,16.6,22.9,114.1,97.9,1.7,1.4,3.2,425.0,0.0,11.848484848484848,0.3961661341853035,0.44715447154471544,0.36315789473493076,0.813186813177877,3.1818181818181817,5.575757575757576,1.4242424242424243,0.15151515151515152
23,2005,2,53,Orien Greene,Louisiana,24.0,775.0,92.0,237.0,58.0,131.0,34.0,106.0,62.0,82.0,33.0,80.0,113.0,98.0,68.0,8.0,83.0,71.0,280.0,21.2,4.1,2.9,7.4,0.507,0.46,6.0,14.8,11.0,12.7,1.9,1.8,23.1,22.9,114.1,97.9,0.8,1.8,2.5,425.0,0.0,11.666666666666666,0.3881856540084388,0.44274809160305345,0.3207547169781061,0.756097560966389,4.708333333333333,4.083333333333333,2.8333333333333335,0.3333333333333333
24,2005,2,54,Dijon Thompson,UCLA,28.0,970.0,183.0,386.0,140.0,271.0,43.0,115.0,107.0,136.0,52.0,170.0,222.0,63.0,42.0,9.0,91.0,61.0,516.0,21.2,4.1,2.9,7.4,0.573,0.53,6.0,14.8,13.3,14.5,1.9,0.6,16.8,27.1,114.1,97.9,2.7,1.4,4.0,425.0,0.0,18.428571428571427,0.4740932642487047,0.5166051660516605,0.3739130434750094,0.786764705876568,7.928571428571429,2.25,1.5,0.32142857142857145
25,2006,1,2,LaMarcus Aldridge,Texas,26.5,801.0,138.0,235.5,138.0,235.5,0.0,0.0,80.5,124.0,89.0,128.0,217.0,17.0,33.5,48.5,43.5,70.5,356.5,21.2,4.1,2.9,7.4,0.6295,0.6159999999999999,6.0,14.8,15.05,5.65,1.9,4.3,15.149999999999999,20.55,114.1,97.9,2.35,3.25,5.6,425.0,1.0,12.4375,0.6158109332527937,0.6158109332527937,0.0,0.6515626288380401,7.549831081081081,0.7077702702702703,1.2069256756756757,1.7364864864864864
26,2006,1,3,Adam Morrison,Gonzaga,33.0,1205.0,306.0,617.0,232.0,444.0,74.0,173.0,240.0,311.0,47.0,135.0,182.0,56.0,35.0,11.0,76.0,66.0,926.0,21.2,4.1,2.9,7.4,0.605,0.556,6.0,14.8,11.0,12.7,1.9,1.8,9.0,22.9,114.1,97.9,5.5,1.2,6.8,425.0,0.0,28.060606060606062,0.4959481361426256,0.5225225225225225,0.4277456647374119,0.7717041800618274,5.515151515151516,1.696969696969697,1.0606060606060606,0.3333333333333333
27,2006,1,5,Shelden Williams,Duke,33.0,633.0,95.0,184.0,95.0,183.0,0.0,1.0,80.0,124.0,84.0,111.0,195.0,15.0,23.0,52.0,60.0,102.0,270.0,21.2,4.1,2.9,7.4,0.556,0.516,6.0,14.8,17.3,4.5,1.9,5.8,19.8,22.2,114.1,97.9,1.1,2.6,3.7,425.0,0.0,8.181818181818182,0.5163043478260869,0.5191256830601093,0.0,0.6451612903173777,5.909090909090909,0.45454545454545453,0.696969696969697,1.5757575757575757
28,2006,1,6,Brandon Roy,Washington,25.75,709.25,133.25,260.25,120.0,221.75,13.25,38.5,89.5,117.0,46.25,83.0,129.25,77.0,25.75,12.25,54.25,55.25,369.25,21.2,4.1,2.9,7.4,0.5682499999999999,0.53225,6.0,14.8,10.424999999999999,17.975,1.9,1.125,15.575,22.875,114.1,97.9,1.9749999999999999,1.375,3.325,425.0,1.0,12.98279945860591,0.5131125681591275,0.5518329960134206,0.26857101946311246,0.7058186706281856,4.702825400406045,2.653000225580871,0.877641176028273,0.42991014361982105
29,2006,1,9,Patrick O'Bryant,Bradley,27.0,623.0,108.0,194.0,108.0,194.0,0.0,0.0,54.0,77.0,62.0,139.0,201.0,17.0,24.0,75.0,48.0,89.0,270.0,21.2,4.1,2.9,7.4,0.585,0.557,6.0,14.8,11.0,12.7,1.9,1.8,17.2,22.9,114.1,97.9,1.6,1.8,3.4,425.0,0.0,10.0,0.5567010309278351,0.5567010309278351,0.0,0.7012987012895935,7.444444444444445,0.6296296296296297,0.8888888888888888,2.7777777777777777
30,2006,1,14,Ronnie Brewer,Arkansas,30.0,955.0,171.0,360.0,135.0,269.0,36.0,91.0,108.0,165.0,52.0,93.0,145.0,101.0,76.0,14.0,61.0,60.0,486.0,21.2,4.1,2.9,7.4,0.5539999999999999,0.525,6.0,14.8,9.1,22.9,1.9,1.1,12.2,26.0,114.1,97.9,2.4,2.6,5.0,425.0,0.0,16.2,0.475,0.5018587360594795,0.3956043956000483,0.6545454545414876,4.833333333333333,3.3666666666666667,2.533333333333333,0.4666666666666667
31,2006,1,21,Rajon Rondo,Kentucky,34.0,954.0,124.5,252.5,110.5,203.0,14.0,49.5,64.0,111.0,28.5,124.5,153.0,142.5,78.0,6.5,74.0,66.5,327.0,21.2,4.1,2.9,7.4,0.538,0.523,6.0,14.8,9.0,28.55,1.9,0.5,19.799999999999997,19.9,114.1,97.9,1.35,2.55,3.9,425.0,1.0,9.617647058823529,0.49598360655737705,0.5453235787838548,0.2878787878721304,0.5769764216313871,4.5,4.1911764705882355,2.2941176470588234,0.19117647058823528
32,2006,1,25,Shannon Brown,Michigan State,30.0,687.0,88.0,195.0,73.0,151.0,15.0,44.0,46.0,57.0,24.0,51.0,75.0,38.0,33.0,1.0,52.0,54.0,237.0,21.2,4.1,2.9,7.4,0.534,0.49,6.0,14.8,7.5,11.4,1.9,0.1,19.0,21.8,114.1,97.9,0.9,0.3,1.2,425.0,0.0,7.9,0.4512820512820513,0.48344370860927155,0.340909090901343,0.807017543845491,2.5,1.2666666666666666,1.1,0.03333333333333333
33,2006,2,34,Paul Davis,Michigan State,35.0,623.0,88.0,201.0,87.0,195.0,1.0,6.0,97.0,147.0,40.0,125.0,165.0,15.0,33.0,19.0,51.0,75.0,274.0,21.2,4.1,2.9,7.4,0.506,0.44,6.0,14.8,16.5,5.5,1.9,2.4,15.8,27.3,114.1,97.9,0.7,1.9,2.5,425.0,0.0,7.828571428571428,0.43781094527363185,0.4461538461538462,0.16666666663888888,0.6598639455737425,4.714285714285714,0.42857142857142855,0.9428571428571428,0.5428571428571428
34,2006,2,36,Craig Smith,Boston College,36.0,1305.0,243.0,424.0,242.0,412.0,1.0,12.0,146.0,227.0,112.0,227.0,339.0,109.0,44.0,29.0,89.0,107.0,633.0,21.2,4.1,2.9,7.4,0.595,0.574,6.0,14.8,11.0,12.7,1.9,1.8,14.3,22.9,114.1,97.9,3.9,2.8,6.7,425.0,0.0,17.583333333333332,0.5731132075471698,0.587378640776699,0.08333333332638888,0.6431718061645676,9.416666666666666,3.0277777777777777,1.2222222222222223,0.8055555555555556
35,2006,2,37,Bobby Jones,Washington,31.0,760.0,130.0,228.0,129.0,220.0,1.0,8.0,87.0,131.0,60.0,93.0,153.0,25.0,37.0,17.0,34.0,117.0,348.0,21.2,4.1,2.9,7.4,0.6,0.5720000000000001,6.0,14.8,11.4,6.1,1.9,1.5,10.5,19.3,114.1,97.9,1.9,1.0,3.0,425.0,0.0,11.225806451612904,0.5701754385964912,0.5863636363636363,0.124999999984375,0.6641221373995105,4.935483870967742,0.8064516129032258,1.1935483870967742,0.5483870967741935
36,2006,2,41,James Augustine,Illinois,33.0,1079.0,174.0,279.0,173.0,277.0,1.0,2.0,99.0,152.0,100.0,200.0,300.0,59.0,47.0,24.0,67.0,84.0,448.0,21.2,4.1,2.9,7.4,0.638,0.625,6.0,14.8,17.0,11.4,1.9,1.8,16.0,20.2,114.1,97.9,3.7,4.8,8.6,425.0,0.0,13.575757575757576,0.6236559139784946,0.6245487364620939,0.49999999975,0.6513157894693993,9.090909090909092,1.7878787878787878,1.4242424242424243,0.7272727272727273
37,2006,2,42,Daniel Gibson,Texas,31.0,1018.0,131.0,314.0,57.0,128.0,74.0,186.0,103.0,137.0,14.0,98.0,112.0,121.0,55.0,8.0,95.0,79.0,439.0,21.2,4.1,2.9,7.4,0.579,0.535,6.0,14.8,6.0,22.7,1.9,0.5,20.0,22.7,114.1,97.9,2.5,1.8,4.3,425.0,0.0,14.161290322580646,0.4171974522292994,0.4453125,0.3978494623634524,0.7518248175127604,3.6129032258064515,3.903225806451613,1.7741935483870968,0.25806451612903225
38,2006,2,45,Alexander Johnson,Florida State,30.0,525.0,76.0,167.0,73.0,158.0,3.0,9.0,50.0,87.0,45.0,83.0,128.0,16.0,23.0,16.0,69.0,84.0,205.0,21.2,4.1,2.9,7.4,0.4920000000000001,0.464,6.0,14.8,14.5,6.6,1.9,2.2,24.9,26.8,114.1,97.9,0.3,0.6,1.0,425.0,0.0,6.833333333333333,0.4550898203592814,0.4620253164556962,0.3333333332962963,0.5747126436715551,4.266666666666667,0.5333333333333333,0.7666666666666667,0.5333333333333333
39,2006,2,47,Paul Millsap,Louisiana Tech,30.666666666666668,1080.0,219.33333333333334,380.3333333333333,217.33333333333334,375.0,2.0,5.333333333333333,128.66666666666666,207.66666666666666,168.0,222.66666666666666,390.6666666666667,29.0,40.333333333333336,61.0,74.66666666666667,96.33333333333333,569.3333333333334,21.2,4.1,2.9,7.400000000000001,0.5953333333333334,0.58,6.0,14.800000000000002,16.53333333333333,8.0,1.8999999999999997,2.9333333333333336,13.6,23.399999999999995,114.09999999999998,97.90000000000002,3.633333333333333,4.566666666666666,8.200000000000001,425.0,1.0,18.550435388366424,0.577830784219041,0.5801357445193062,0.4523809520391156,0.6214244445445775,12.71772901428074,0.9414141414141414,1.2944618599791016,1.9776384535005225
40,2007,1,1,Greg Oden,Ohio State,32.0,925.0,189.0,307.0,189.0,307.0,0.0,0.0,123.0,196.0,113.0,193.0,306.0,21.0,18.0,105.0,64.0,87.0,501.0,21.2,4.1,2.9,7.4,0.626,0.616,6.0,14.8,11.0,12.7,1.9,1.8,13.8,22.9,114.1,97.9,3.6,4.6,8.2,425.0,0.0,15.65625,0.6156351791530945,0.6156351791530945,0.0,0.6275510204049615,9.5625,0.65625,0.5625,3.28125
41,2007,1,2,Kevin Durant,Texas,35.0,1255.0,306.0,647.0,224.0,444.0,82.0,203.0,209.0,256.0,106.0,284.0,390.0,46.0,66.0,67.0,99.0,71.0,903.0,21.2,4.1,2.9,7.4,0.5870000000000001,0.536,6.0,14.8,16.5,8.6,1.9,3.5,11.4,33.2,114.1,97.9,4.7,4.1,8.8,425.0,1.0,25.8,0.47295208655332305,0.5045045045045045,0.40394088669751754,0.816406249996811,11.142857142857142,1.3142857142857143,1.8857142857142857,1.9142857142857144
42,2007,1,3,Al Horford,Florida,36.333333333333336,932.6666666666666,141.33333333333334,241.33333333333334,141.33333333333334,240.0,0.0,1.3333333333333333,91.66666666666667,148.0,84.66666666666667,203.33333333333334,288.0,62.333333333333336,31.333333333333332,63.0,57.666666666666664,90.0,374.3333333333333,21.2,4.1,2.9,7.400000000000001,0.585,0.5653333333333334,6.0,14.800000000000002,15.033333333333331,11.5,1.8999999999999997,3.9,15.6,19.63333333333333,114.09999999999998,97.90000000000002,2.3333333333333335,3.366666666666667,5.7,425.0,1.0,10.045869883040936,0.5654685068550785,0.5682046044326411,0.0,0.6121027068648716,7.856345591542959,1.6690845704003598,0.8583277103013945,1.7264816689158795
43,2007,1,9,Joakim Noah,Florida,36.0,759.6666666666666,137.0,222.33333333333334,136.66666666666666,221.66666666666666,0.3333333333333333,0.6666666666666666,103.33333333333333,151.0,70.33333333333333,158.66666666666666,229.0,61.666666666666664,31.666666666666668,62.0,64.33333333333333,73.33333333333333,377.6666666666667,21.2,4.1,2.9,7.400000000000001,0.6309999999999999,0.612,6.0,14.800000000000002,14.433333333333332,13.566666666666668,1.8999999999999997,4.566666666666666,17.666666666666668,22.53333333333333,114.09999999999998,97.90000000000002,2.933333333333333,2.966666666666667,5.900000000000001,425.0,1.0,9.882029177718833,0.611448912135411,0.6116390973044915,0.33333333299999995,0.6576376423821092,6.011987916298261,1.6061744768641322,0.8200338933097554,1.630356616563513
44,2007,1,14,Al Thornton,Florida State,30.0,871.0,171.0,330.0,151.0,288.0,20.0,42.0,122.0,164.0,87.0,121.0,208.0,37.0,29.0,9.0,73.0,75.0,484.0,21.2,4.1,2.9,7.4,0.593,0.5479999999999999,6.0,14.8,14.7,9.1,1.9,0.8,15.2,26.9,114.1,97.9,2.8,1.5,4.3,425.0,0.0,16.133333333333333,0.5181818181818182,0.5243055555555556,0.47619047617913834,0.7439024390198543,6.933333333333334,1.2333333333333334,0.9666666666666667,0.3
45,2007,2,34,Nick Fazekas,Nevada,33.0,1051.0,268.0,507.0,237.0,400.0,31.0,107.0,154.0,182.0,100.0,242.0,342.0,68.0,36.0,49.0,59.0,59.0,721.0,21.2,4.1,2.9,7.4,0.607,0.5589999999999999,6.0,14.8,18.1,16.3,1.9,3.2,9.0,31.1,114.1,97.9,4.9,4.2,9.1,425.0,0.0,21.848484848484848,0.5285996055226825,0.5925,0.2897196261655166,0.846153846149197,10.363636363636363,2.0606060606060606,1.0909090909090908,1.4848484848484849
46,2007,2,36,Jermareo Davidson,Alabama,32.0,829.0,90.0,156.0,90.0,156.0,0.0,0.0,63.0,96.0,71.0,181.0,252.0,30.0,11.0,47.0,39.0,78.0,243.0,21.2,4.1,2.9,7.4,0.603,0.5770000000000001,6.0,14.8,18.0,6.9,1.9,3.9,16.2,15.3,114.1,97.9,1.6,1.9,3.5,425.0,0.0,7.59375,0.5769230769230769,0.5769230769230769,0.0,0.656249999993164,7.875,0.9375,0.34375,1.46875
47,2007,2,41,Chris Richard,Florida,40.0,735.0,98.0,142.0,98.0,142.0,0.0,0.0,52.0,83.0,63.0,84.0,147.0,17.0,13.0,12.0,47.0,92.0,248.0,21.2,4.1,2.9,7.4,0.6829999999999999,0.69,6.0,14.8,11.0,12.7,1.9,1.8,20.6,22.9,114.1,97.9,2.2,1.2,3.4,425.0,0.0,6.2,0.6901408450704225,0.6901408450704225,0.0,0.6265060240888373,3.675,0.425,0.325,0.3
48,2007,2,52,Taurean Green,Florida,40.0,1328.0,154.0,347.0,72.0,145.0,82.0,202.0,141.0,166.0,9.0,87.0,96.0,147.0,42.0,1.0,107.0,60.0,531.0,21.2,4.1,2.9,7.4,0.623,0.562,6.0,14.8,11.0,12.7,1.9,1.8,20.1,22.9,114.1,97.9,3.8,1.6,5.3,425.0,0.0,13.275,0.4438040345821326,0.496551724137931,0.40594059405739635,0.849397590356329,2.4,3.675,1.05,0.025
49,2007,2,55,Herbert Hill,Providence,11.0,28.0,3.0,6.0,3.0,6.0,0.0,0.0,5.0,8.0,3.0,5.0,8.0,1.0,1.0,1.0,1.0,1.0,11.0,21.2,4.1,2.9,7.4,0.561,0.5,6.0,14.8,17.2,7.0,1.9,2.6,9.3,19.6,114.1,97.9,0.1,0.1,0.1,425.0,0.0,1.0,0.5,0.5,0.0,0.624999999921875,0.7272727272727273,0.09090909090909091,0.09090909090909091,0.09090909090909091
50,2007,2,57,Sammy Mejia,DePaul,32.0,947.0,81.0,206.0,54.0,133.0,27.0,73.0,64.0,85.0,46.0,91.0,137.0,140.0,32.0,2.0,90.0,58.0,253.0,21.2,4.1,2.9,7.4,0.513,0.459,6.0,14.8,8.6,27.4,1.9,0.2,26.8,18.5,114.1,97.9,0.8,1.2,2.0,425.0,0.0,7.90625,0.3932038834951456,0.40601503759398494,0.3698630136935635,0.7529411764617301,4.28125,4.375,1.0,0.0625
51,2008,1,1,Derrick Rose,Memphis,40.0,1168.0,208.0,436.0,173.0,332.0,35.0,104.0,146.0,205.0,54.0,127.0,181.0,189.0,48.0,15.0,107.0,68.0,597.0,21.2,4.1,2.9,7.4,0.56,0.517,6.0,14.8,8.3,30.4,1.9,0.9,16.7,26.0,114.1,97.9,2.8,3.8,6.6,425.0,1.0,14.925,0.47706422018348627,0.5210843373493976,0.3365384615352256,0.7121951219477455,4.525,4.725,1.2,0.375
52,2008,1,4,Russell Westbrook,UCLA,37.5,821.5,115.0,248.0,97.5,198.5,17.5,49.5,62.0,90.5,34.5,56.0,90.5,95.5,38.5,4.0,60.5,64.0,309.5,21.2,4.1,2.9,7.4,0.524,0.4995,6.0,14.8,9.05,18.549999999999997,1.9,1.1,17.25,22.35,114.1,97.9,1.15,1.95,3.1,425.0,1.0,8.066239316239315,0.4613080014614541,0.48334740234824647,0.3733766233651332,0.6308602150425408,2.3504273504273505,2.4743589743589745,1.0021367521367521,0.10363247863247863
53,2008,1,5,Kevin Love,UCLA,39.0,1156.0,227.0,406.0,198.0,324.0,29.0,82.0,198.0,258.0,142.0,273.0,415.0,75.0,27.0,56.0,78.0,73.0,681.0,21.2,4.1,2.9,7.4,0.644,0.595,6.0,14.8,22.1,14.1,1.9,3.6,12.9,27.0,114.1,97.9,5.6,5.7,11.3,425.0,1.0,17.46153846153846,0.5591133004926109,0.6111111111111112,0.35365853658105295,0.7674418604621417,10.64102564102564,1.9230769230769231,0.6923076923076923,1.435897435897436
54,2008,1,10,Brook Lopez,Stanford,27.0,831.0,184.0,393.0,184.0,387.0,0.0,6.0,153.0,194.0,77.0,144.0,221.0,37.0,16.0,56.0,58.0,66.0,521.0,21.2,4.1,2.9,7.4,0.537,0.468,6.0,14.8,15.3,11.3,1.9,4.9,10.7,33.7,114.1,97.9,2.0,3.5,5.4,425.0,0.0,19.296296296296298,0.4681933842239186,0.4754521963824289,0.0,0.7886597938103678,8.185185185185185,1.3703703703703705,0.5925925925925926,2.074074074074074
55,2008,1,11,Jerryd Bayless,Arizona,30.0,1072.0,173.0,378.0,114.0,233.0,59.0,145.0,187.0,223.0,13.0,69.0,82.0,121.0,29.0,3.0,89.0,66.0,592.0,21.2,4.1,2.9,7.4,0.612,0.536,6.0,14.8,4.9,25.0,1.9,0.2,15.5,29.2,114.1,97.9,4.0,0.8,4.8,425.0,0.0,19.733333333333334,0.4576719576719577,0.4892703862660944,0.40689655172133177,0.8385650224177643,2.7333333333333334,4.033333333333333,0.9666666666666667,0.1
56,2008,1,13,Brandon Rush,Kansas,35.5,1140.5,178.0,389.5,115.5,249.5,62.5,140.0,66.5,93.5,53.0,150.5,203.5,70.5,22.0,28.5,80.5,49.5,485.0,21.2,4.1,2.9,7.4,0.5594999999999999,0.5375,6.0,14.8,9.85,11.3,1.9,1.75,15.75,21.75,114.1,97.9,2.3,2.65,4.9,425.0,0.0,13.648325358851675,0.45819737365698365,0.46276390629518943,0.45136629797962036,0.7207989315118638,5.744019138755981,1.9848484848484849,0.636762360446571,0.79585326953748
57,2008,1,17,Roy Hibbert,Georgetown,34.0,792.25,143.25,237.5,142.5,236.75,0.75,0.75,81.75,120.25,77.5,124.5,202.0,44.0,13.75,64.75,51.5,84.0,369.0,21.2,4.1,2.9,7.4,0.6105,0.586,6.0,14.8,16.0,13.2,1.9,6.249999999999999,16.175,24.575000000000003,114.1,97.9,2.9,2.6,5.5,425.0,1.0,10.728585161030015,0.5846787790205615,0.5836706438077135,0.24999999991666666,0.679083845070187,5.891335980030833,1.2944571409644938,0.4005181234041528,1.8811696054343114
58,2008,1,22,Courtney Lee,Western Kentucky,33.5,1053.5,217.5,467.0,154.5,308.5,63.0,158.5,100.0,126.0,53.0,114.5,167.5,69.0,60.0,22.5,78.0,86.0,598.0,21.2,4.1,2.9,7.4,0.5635,0.532,6.0,14.8,10.1,12.35,1.9,1.5,13.15,23.4,114.1,97.9,2.9,2.25,5.15,425.0,0.0,17.643817204301076,0.463553809705482,0.49737192936445496,0.3975765613671316,0.7722222222149229,5.011200716845877,2.057795698924731,1.7898745519713262,0.6630824372759856
59,2008,1,26,George Hill,IUPUI,5.0,142.0,27.0,53.0,23.0,40.0,4.0,13.0,15.0,23.0,11.0,16.0,27.0,10.0,8.0,0.0,20.0,16.0,73.0,21.2,4.1,2.9,7.4,0.5710000000000001,0.547,6.0,14.8,11.7,18.9,1.9,0.0,23.8,30.8,114.1,97.9,0.4,0.2,0.6,425.0,0.0,14.6,0.5094339622641509,0.575,0.30769230766863903,0.6521739130151228,5.4,2.0,1.6,0.0
60,2008,1,29,D.J. White,Indiana,31.0,959.5,179.5,303.5,179.0,302.0,0.5,1.5,121.0,173.5,78.0,164.0,242.0,24.0,20.0,59.0,51.0,79.5,480.5,21.2,4.1,2.9,7.4,0.6205,0.589,6.0,14.8,14.5,6.5,1.9,4.8,11.6,23.950000000000003,114.1,97.9,3.5,2.55,6.1,425.0,0.0,15.367293625914316,0.5885210084033613,0.5896723163841808,0.1666666666111111,0.6992701232485834,7.6321839080459775,0.7753396029258098,0.6353187042842215,1.9216300940438873
61,2008,1,30,J.R. Giddens,New Mexico,26.0,785.0,156.0,354.0,115.0,218.0,41.0,136.0,59.0,100.0,31.0,138.0,169.0,60.0,22.0,13.0,69.0,41.0,412.0,21.2,4.1,2.9,7.4,0.513,0.499,6.0,14.8,11.0,12.7,1.9,1.8,14.7,22.9,114.1,97.9,0.9,1.0,2.0,425.0,0.0,15.846153846153847,0.4406779661016949,0.5275229357798165,0.30147058823307743,0.5899999999941,6.5,2.3076923076923075,0.8461538461538461,0.5
62,2008,2,35,DeAndre Jordan,Texas A&M,35.0,703.0,113.0,183.0,113.0,183.0,0.0,0.0,52.0,119.0,66.0,144.0,210.0,15.0,7.0,44.0,57.0,67.0,278.0,21.2,4.1,2.9,7.4,0.58,0.617,6.0,14.8,11.0,12.7,1.9,1.8,19.2,22.9,114.1,97.9,1.6,2.8,4.4,425.0,1.0,7.942857142857143,0.6174863387978142,0.6174863387978142,0.0,0.4369747899122943,6.0,0.42857142857142855,0.2,1.2571428571428571
63,2008,2,38,Kyle Weaver,Washington State,25.0,489.0,46.0,119.0,44.0,97.0,2.0,22.0,27.0,49.0,26.0,53.0,79.0,50.0,15.0,9.0,47.0,41.0,121.0,21.2,4.1,2.9,7.4,0.425,0.395,6.0,14.8,10.0,24.8,1.9,1.5,24.8,22.0,114.1,97.9,-0.4,1.2,0.9,425.0,0.0,4.84,0.3865546218487395,0.4536082474226804,0.09090909090495868,0.55102040815202,3.16,2.0,0.6,0.36
64,2008,2,52,Darnell Jackson,Kansas,24.0,168.0,17.0,31.0,17.0,31.0,0.0,0.0,14.0,24.0,16.0,24.0,40.0,3.0,4.0,3.0,9.0,23.0,48.0,21.2,4.1,2.9,7.4,0.5660000000000001,0.5479999999999999,6.0,14.8,13.5,3.2,1.9,1.3,17.5,15.4,114.1,97.9,0.2,0.3,0.6,425.0,0.0,2.0,0.5483870967741935,0.5483870967741935,0.0,0.5833333333090278,1.6666666666666667,0.125,0.16666666666666666,0.125
65,2008,2,57,James Gist,Maryland,32.0,708.0,101.0,206.0,101.0,205.0,0.0,1.0,66.0,98.0,62.0,93.0,155.0,37.0,27.0,51.0,45.0,77.0,268.0,21.2,4.1,2.9,7.4,0.531,0.49,6.0,14.8,11.6,9.7,1.9,4.8,15.1,18.8,114.1,97.9,0.9,1.8,2.7,425.0,0.0,8.375,0.49029126213592233,0.4926829268292683,0.0,0.6734693877482298,4.84375,1.15625,0.84375,1.59375
66,2008,2,58,Joe Crawford,Kentucky,34.0,1097.0,178.0,401.0,115.0,221.0,63.0,180.0,58.0,91.0,50.0,87.0,137.0,83.0,27.0,10.0,64.0,65.0,477.0,21.2,4.1,2.9,7.4,0.537,0.522,6.0,14.8,11.0,12.7,1.9,1.8,12.6,22.9,114.1,97.9,1.7,1.1,2.8,425.0,0.0,14.029411764705882,0.44389027431421446,0.5203619909502263,0.3499999999980556,0.6373626373556334,4.029411764705882,2.4411764705882355,0.7941176470588235,0.29411764705882354
67,2008,2,59,Deron Washington,Virginia Tech,34.0,952.0,151.0,300.0,131.0,235.0,20.0,65.0,85.0,147.0,64.0,117.0,181.0,51.0,41.0,35.0,54.0,106.0,407.0,21.2,4.1,2.9,7.4,0.55,0.537,6.0,14.8,11.5,11.0,1.9,2.8,12.7,23.4,114.1,97.9,1.8,2.7,4.4,425.0,0.0,11.970588235294118,0.5033333333333333,0.5574468085106383,0.30769230768757394,0.5782312925130733,5.323529411764706,1.5,1.2058823529411764,1.0294117647058822
68,2009,1,1,Blake Griffin,Oklahoma,34.0,1051.0,242.0,391.5,240.5,386.5,1.5,5.0,153.5,260.5,121.5,281.0,402.5,70.5,36.0,34.5,96.0,85.5,639.0,21.2,4.1,2.9,7.4,0.614,0.6125,6.0,14.8,21.5,16.5,1.9,2.4000000000000004,15.65,29.3,114.1,97.9,4.449999999999999,3.15,7.6499999999999995,425.0,1.0,18.676190476190477,0.6107480029048656,0.6149825783972125,0.1874999999765625,0.5891693300721712,11.760606060606062,2.067099567099567,1.0571428571428572,1.00995670995671
69,2009,1,3,James Harden,Arizona State,34.5,1206.0,208.5,412.0,157.5,276.5,51.0,135.5,186.5,247.0,46.0,141.0,187.0,129.0,66.0,15.0,103.5,85.5,654.5,21.2,4.1,2.9,7.4,0.6194999999999999,0.5694999999999999,6.0,14.8,10.350000000000001,26.95,1.9,1.05,16.299999999999997,30.4,114.1,97.9,5.0,1.9,6.95,425.0,1.0,18.95420168067227,0.5079098867637263,0.5698857082940127,0.3816178141301739,0.7550099206318375,5.418067226890756,3.7319327731092438,1.9163865546218486,0.4365546218487395
70,2009,1,7,Stephen Curry,Davidson,34.666666666666664,1129.0,290.3333333333333,622.0,152.33333333333334,287.3333333333333,138.0,334.6666666666667,159.66666666666666,182.33333333333334,27.0,130.66666666666666,157.66666666666666,129.33333333333334,73.66666666666667,9.333333333333334,104.66666666666667,84.33333333333333,878.3333333333334,21.2,4.1,2.9,7.400000000000001,0.6203333333333333,0.5783333333333333,6.0,14.800000000000002,9.633333333333333,21.86666666666667,1.8999999999999997,1.4000000000000001,12.866666666666667,28.03333333333333,114.09999999999998,97.90000000000002,6.0,3.1,9.066666666666668,425.0,1.0,25.326252723311544,0.4666984280317725,0.5314341635479846,0.4113186359992671,0.8752353909271711,4.5473856209150325,3.7472766884531588,2.1269063180827885,0.266884531590414
71,2009,1,8,Jordan Hill,Arizona,34.0,1213.0,252.0,469.0,252.0,469.0,0.0,0.0,117.0,179.0,143.0,232.0,375.0,50.0,30.0,58.0,97.0,102.0,621.0,21.2,4.1,2.9,7.4,0.56,0.537,6.0,14.8,19.0,9.6,1.9,3.9,14.9,28.2,114.1,97.9,3.0,2.1,5.1,425.0,0.0,18.264705882352942,0.5373134328358209,0.5373134328358209,0.0,0.6536312849125496,11.029411764705882,1.4705882352941178,0.8823529411764706,1.7058823529411764
72,2009,1,11,Terrence Williams,Louisville,33.0,828.0,104.0,266.0,64.0,137.0,40.0,129.0,30.0,49.0,32.0,123.0,155.0,70.0,33.0,11.0,57.0,61.0,278.0,21.2,4.1,2.9,7.4,0.481,0.466,6.0,14.8,10.6,18.1,1.9,1.0,16.5,21.5,114.1,97.9,0.3,1.8,2.0,425.0,0.0,8.424242424242424,0.39097744360902253,0.46715328467153283,0.31007751937744127,0.6122448979466889,4.696969696969697,2.121212121212121,1.0,0.3333333333333333
73,2009,1,14,Earl Clark,Louisville,37.0,1269.0,202.0,442.0,171.0,347.0,31.0,95.0,90.0,139.0,102.0,220.0,322.0,119.0,38.0,51.0,119.0,71.0,525.0,21.2,4.1,2.9,7.4,0.517,0.4920000000000001,6.0,14.8,11.0,12.7,1.9,1.8,19.0,22.9,114.1,97.9,1.6,4.2,5.8,425.0,0.0,14.18918918918919,0.45701357466063347,0.49279538904899134,0.3263157894702493,0.6474820143838311,8.702702702702704,3.2162162162162162,1.027027027027027,1.3783783783783783
74,2009,1,15,Austin Daye,Gonzaga,34.0,895.0,159.0,333.0,123.0,249.0,36.0,84.0,77.0,109.0,36.0,196.0,232.0,37.0,24.0,70.0,73.0,97.0,431.0,21.2,4.1,2.9,7.4,0.56,0.532,6.0,14.8,14.5,7.8,1.9,6.2,15.9,26.0,114.1,97.9,2.1,3.6,5.7,425.0,0.0,12.676470588235293,0.4774774774774775,0.4939759036144578,0.4285714285663265,0.7064220183421429,6.823529411764706,1.088235294117647,0.7058823529411765,2.0588235294117645
75,2009,1,20,Eric Maynor,Virginia Commonwealth,35.0,1214.0,161.0,380.0,138.0,321.0,23.0,59.0,140.0,180.0,22.0,126.0,148.0,224.0,48.0,7.0,73.0,75.0,485.0,21.2,4.1,2.9,7.4,0.521,0.454,6.0,14.8,11.0,12.7,1.9,1.8,13.6,22.9,114.1,97.9,1.5,2.5,4.0,425.0,0.0,13.857142857142858,0.4236842105263158,0.42990654205607476,0.389830508467969,0.7777777777734568,4.228571428571429,6.4,1.3714285714285714,0.2
76,2009,1,21,Darren Collison,UCLA,39.0,749.0,78.0,194.0,59.0,136.0,19.0,58.0,40.0,51.0,16.0,55.0,71.0,88.0,35.0,2.0,77.0,54.0,215.0,21.2,4.1,2.9,7.4,0.493,0.451,6.0,14.8,6.1,23.7,1.9,0.2,26.1,21.2,114.1,97.9,0.4,1.4,1.8,425.0,0.0,5.512820512820513,0.4020618556701031,0.4338235294117647,0.32758620689090373,0.7843137254748175,1.8205128205128205,2.2564102564102564,0.8974358974358975,0.05128205128205128
77,2009,1,29,Toney Douglas,Florida State,30.0,865.0,143.0,301.0,112.0,223.0,31.0,78.0,63.0,80.0,23.0,59.0,82.0,87.0,35.0,8.0,73.0,53.0,380.0,21.2,4.1,2.9,7.4,0.56,0.527,6.0,14.8,6.0,20.1,1.9,0.7,17.7,24.1,114.1,97.9,1.8,0.9,2.6,425.0,0.0,12.666666666666666,0.4750830564784053,0.5022421524663677,0.3974358974308021,0.7874999999901562,2.7333333333333334,2.9,1.1666666666666667,0.26666666666666666
78,2009,2,33,Dante Cunningham,Villanova,35.5,1050.5,171.5,329.0,171.0,327.5,0.5,1.5,106.0,145.5,92.5,138.0,230.5,35.5,44.5,33.5,69.0,99.5,449.5,21.2,4.1,2.9,7.4,0.5695000000000001,0.5205,6.0,14.8,11.25,9.149999999999999,1.9,1.75,15.75,19.85,114.1,97.9,2.2,2.95,5.1,425.0,0.0,12.401116427432218,0.5188422753356734,0.5187072534197263,0.49999999949999996,0.7376951377096217,6.418660287081339,0.9820574162679426,1.2547846889952154,0.921451355661882
79,2009,2,35,DaJuan Summers,Georgetown,33.0,899.0,123.0,287.0,72.0,138.0,51.0,149.0,70.0,99.0,33.0,145.0,178.0,50.0,34.0,19.0,67.0,80.0,367.0,21.2,4.1,2.9,7.4,0.5489999999999999,0.517,6.0,14.8,11.9,11.4,1.9,1.6,16.7,24.6,114.1,97.9,1.7,2.0,3.7,425.0,0.0,11.121212121212121,0.42857142857142855,0.5217391304347826,0.3422818791923337,0.7070707070635649,5.393939393939394,1.5151515151515151,1.0303030303030303,0.5757575757575758
80,2009,2,38,Jon Brockman,Washington,32.0,1009.0,237.0,442.0,237.0,442.0,0.0,0.0,94.0,181.0,141.0,229.0,370.0,35.0,21.0,8.0,76.0,94.0,568.0,21.2,4.1,2.9,7.4,0.5379999999999999,0.536,6.0,14.8,11.0,12.7,1.9,1.8,12.6,22.9,114.1,97.9,2.0,2.5,4.5,425.0,0.0,17.75,0.5361990950226244,0.5361990950226244,0.0,0.5193370165717164,11.5625,1.09375,0.65625,0.25
81,2009,2,41,Jodie Meeks,Kentucky,34.0,751.0,95.0,227.0,51.0,106.0,44.0,121.0,61.0,68.0,29.0,67.0,96.0,51.0,32.0,2.0,40.0,44.0,295.0,21.2,4.1,2.9,7.4,0.569,0.515,6.0,14.8,11.0,12.7,1.9,1.8,13.4,22.9,114.1,97.9,1.5,0.8,2.3,425.0,0.0,8.676470588235293,0.4185022026431718,0.4811320754716981,0.3636363636333584,0.8970588235162197,2.823529411764706,1.5,0.9411764705882353,0.058823529411764705
82,2009,2,50,Goran Suton,Michigan State,31.5,656.5,81.5,160.5,71.0,136.0,10.5,24.5,40.5,49.0,64.5,114.0,178.5,32.5,24.5,15.5,42.5,63.5,214.0,21.2,4.1,2.9,7.4,0.5555,0.5185,6.0,14.8,15.100000000000001,8.95,1.9,2.0,19.9,16.4,114.1,97.9,1.3,1.7999999999999998,3.1,425.0,0.0,6.734879032258064,0.4958873379860419,0.5093718338399189,0.21874999999544273,0.792471685518213,5.622479838709678,1.0231854838709677,0.7721774193548387,0.49193548387096775
83,2009,2,51,Jack McClinton,Miami (FL),31.0,976.0,163.0,403.0,72.0,196.0,91.0,207.0,102.0,114.0,14.0,63.0,77.0,66.0,22.0,1.0,74.0,70.0,519.0,21.2,4.1,2.9,7.4,0.568,0.517,6.0,14.8,11.0,12.7,1.9,1.8,13.9,22.9,114.1,97.9,2.5,0.7,3.2,425.0,0.0,16.741935483870968,0.4044665012406948,0.3673469387755102,0.4396135265679246,0.8947368420974146,2.4838709677419355,2.129032258064516,0.7096774193548387,0.03225806451612903
84,2009,2,59,Chinemelu Elonu,Texas A&M,34.0,810.0,129.0,194.0,129.0,194.0,0.0,0.0,76.0,121.0,97.0,152.0,249.0,10.0,10.0,53.0,62.0,95.0,334.0,21.2,4.1,2.9,7.4,0.664,0.665,6.0,14.8,11.0,12.7,1.9,1.8,19.8,22.9,114.1,97.9,2.9,2.2,5.1,425.0,0.0,9.823529411764707,0.6649484536082474,0.6649484536082474,0.0,0.6280991735485281,7.323529411764706,0.29411764705882354,0.29411764705882354,1.5588235294117647
85,2009,2,60,Robert Dozier,Memphis,37.0,679.0,69.0,171.0,63.0,144.0,6.0,27.0,63.0,84.0,86.0,117.0,203.0,22.0,21.0,42.0,44.0,72.0,207.0,21.2,4.1,2.9,7.4,0.491,0.421,6.0,14.8,11.0,12.7,1.9,1.8,17.3,22.9,114.1,97.9,0.3,2.7,3.0,425.0,0.0,5.594594594594595,0.40350877192982454,0.4375,0.22222222221399177,0.7499999999910714,5.486486486486487,0.5945945945945946,0.5675675675675675,1.135135135135135
86,2010,1,1,John Wall,Kentucky,37.0,1288.0,202.0,438.0,165.0,324.0,37.0,114.0,175.0,232.0,30.0,129.0,159.0,241.0,66.0,19.0,149.0,72.0,616.0,22.3,4.1,2.9,7.4,0.562,0.503,2.7,10.1,6.6,34.8,2.9,1.5,21.4,25.7,111.7,94.1,3.7,2.6,6.3,669.0,1.0,16.64864864864865,0.4611872146118721,0.5092592592592593,0.3245614035059249,0.7543103448243349,4.297297297297297,6.513513513513513,1.7837837837837838,0.5135135135135135
87,2010,1,2,Evan Turner,Ohio State,37.0,1004.0,109.0,232.0,86.0,163.0,23.0,69.0,72.0,103.0,33.0,131.0,164.0,98.0,47.0,19.0,99.0,90.0,313.0,21.2,4.1,2.9,7.4,0.557,0.519,6.0,14.8,11.0,12.7,1.9,1.8,26.1,22.9,114.1,97.9,1.6,2.2,3.8,425.0,0.0,8.45945945945946,0.4698275862068966,0.5276073619631901,0.3333333333285024,0.6990291262068055,4.4324324324324325,2.6486486486486487,1.2702702702702702,0.5135135135135135
88,2010,1,5,DeMarcus Cousins,Kentucky,38.0,893.0,206.0,369.0,205.0,363.0,1.0,6.0,162.0,268.0,154.0,220.0,374.0,38.0,37.0,67.0,78.0,122.0,575.0,34.2,4.1,2.9,7.4,0.579,0.56,19.8,24.8,22.5,9.2,2.4,7.5,13.6,30.5,118.5,83.9,3.8,2.7,6.5,555.0,1.0,15.131578947368421,0.5582655826558266,0.5647382920110193,0.16666666663888888,0.6044776119380431,9.842105263157896,1.0,0.9736842105263158,1.763157894736842
89,2010,1,9,Gordon Hayward,Butler,34.5,1142.0,149.0,317.0,91.0,160.0,58.0,157.0,140.0,170.0,59.0,197.0,256.0,62.5,44.0,30.0,69.0,71.0,496.0,22.75,4.1,2.9,7.4,0.6285,0.569,6.8,19.1,14.0,13.05,1.95,2.65,14.7,22.1,115.6,94.0,3.95,3.2,7.1,487.0,1.0,14.29222972972973,0.4713670867872587,0.5574568908779781,0.37090097402360134,0.8216099163627782,7.355996621621622,1.8222128378378377,1.2905405405405406,0.8741554054054055
90,2010,1,10,Paul George,Fresno State,31.5,1069.0,160.0,358.0,99.0,204.0,61.0,154.0,106.0,132.0,59.0,152.0,211.0,75.5,61.5,29.0,86.5,88.0,487.0,22.75,4.1,2.9,7.4,0.579,0.5325,6.35,16.8,11.65,17.299999999999997,2.95,2.55,17.05,24.95,110.85,96.4,2.5999999999999996,1.5,4.15,447.0,1.0,15.558316430020284,0.44724869087475316,0.485271467077397,0.4000509619033331,0.8030303030242195,6.738336713995944,2.4437119675456387,1.9710953346855984,0.9137931034482758
91,2010,1,16,Luke Babbitt,Nevada,34.0,1110.0,194.0,425.0,161.0,348.0,33.0,77.0,152.0,176.0,63.0,188.0,251.0,47.0,24.0,24.0,65.0,61.0,573.0,21.2,4.1,2.9,7.4,0.563,0.495,6.0,14.8,11.0,12.7,1.9,1.8,11.3,22.9,114.1,97.9,2.9,2.3,5.3,425.0,0.0,16.852941176470587,0.45647058823529413,0.46264367816091956,0.42857142856586267,0.8636363636314567,7.382352941176471,1.3823529411764706,0.7058823529411765,0.7058823529411765
92,2010,1,21,Craig Brackins,Iowa State,32.0,887.0,137.0,316.0,116.0,241.0,21.0,75.0,71.0,97.0,41.0,119.0,160.0,41.0,10.0,31.0,54.0,57.0,366.0,21.2,4.1,2.9,7.4,0.505,0.467,6.0,14.8,10.3,11.6,1.9,2.5,13.0,25.1,114.1,97.9,0.8,1.5,2.3,425.0,0.0,11.4375,0.43354430379746833,0.48132780082987553,0.2799999999962667,0.7319587628790519,5.0,1.28125,0.3125,0.96875
93,2010,1,24,Damion James,Texas,35.0,908.0,99.0,201.0,98.0,190.0,1.0,11.0,66.0,111.0,89.0,164.0,253.0,32.0,20.0,42.0,52.0,100.0,265.0,21.2,4.1,2.9,7.4,0.522,0.495,6.0,14.8,14.8,6.3,1.9,3.1,17.0,16.2,114.1,97.9,0.7,2.3,3.0,425.0,0.0,7.571428571428571,0.4925373134328358,0.5157894736842106,0.09090909090082644,0.5945945945892379,7.228571428571429,0.9142857142857143,0.5714285714285714,1.2
94,2010,1,26,Quincy Pondexter,Washington,35.0,983.0,165.0,323.0,162.0,309.0,3.0,14.0,89.0,120.0,97.0,110.0,207.0,55.0,25.0,13.0,66.0,98.0,422.0,21.2,4.1,2.9,7.4,0.555,0.515,6.0,14.8,11.0,12.7,1.9,1.8,14.8,22.9,114.1,97.9,1.9,2.3,4.2,425.0,0.0,12.057142857142857,0.5108359133126935,0.5242718446601942,0.21428571427040816,0.7416666666604861,5.914285714285715,1.5714285714285714,0.7142857142857143,0.37142857142857144
95,2010,2,33,Hassan Whiteside,Marshall,34.0,889.0,167.0,319.0,164.0,314.0,3.0,5.0,110.0,187.0,92.0,211.0,303.0,10.0,19.0,182.0,64.0,82.0,447.0,29.1,4.1,2.9,7.4,0.5479999999999999,0.528,11.9,23.8,18.3,2.2,1.2,18.8,13.6,25.8,107.9,85.8,2.0,2.5,4.5,411.0,0.0,13.147058823529411,0.5235109717868338,0.5222929936305732,0.59999999988,0.5882352941145015,8.911764705882353,0.29411764705882354,0.5588235294117647,5.352941176470588
96,2010,2,40,Lance Stephenson,Cincinnati,34.0,960.0,162.0,368.0,146.0,295.0,16.0,73.0,79.0,119.0,63.0,119.0,182.0,84.0,31.0,6.0,81.0,66.0,419.0,17.9,4.1,2.9,7.4,0.493,0.462,7.3,14.0,10.6,19.1,1.9,0.7,16.0,26.2,101.4,100.3,1.4,1.3,2.8,413.0,0.0,12.323529411764707,0.44021739130434784,0.49491525423728816,0.21917808218877838,0.6638655462129087,5.352941176470588,2.4705882352941178,0.9117647058823529,0.17647058823529413
97,2010,2,42,Da'Sean Butler,West Virginia,38.0,1360.0,208.0,503.0,138.0,305.0,70.0,198.0,168.0,213.0,61.0,176.0,237.0,119.0,37.0,15.0,68.0,82.0,654.0,22.5,4.1,2.9,7.4,0.541,0.483,5.0,15.4,10.0,19.2,1.7,1.3,10.1,25.0,121.3,98.5,5.0,2.1,7.1,616.0,0.0,17.210526315789473,0.4135188866799205,0.4524590163934426,0.353535353533568,0.7887323943624942,6.2368421052631575,3.1315789473684212,0.9736842105263158,0.39473684210526316
98,2010,2,46,Gani Lawal,Georgia Tech,32.0,554.0,90.0,158.0,90.0,157.0,0.0,1.0,49.0,99.0,52.0,61.0,113.0,9.0,12.0,32.0,54.0,84.0,229.0,21.2,4.1,2.9,7.4,0.5579999999999999,0.57,6.0,14.8,12.0,3.1,1.9,4.2,20.8,22.3,114.1,97.9,0.9,0.8,1.7,425.0,0.0,7.15625,0.569620253164557,0.5732484076433121,0.0,0.4949494949444954,3.53125,0.28125,0.375,1.0
99,2010,2,52,Luke Harangody,Notre Dame,33.0,958.0,259.0,518.0,256.0,509.0,3.0,9.0,151.0,198.0,116.0,235.0,351.0,55.0,26.0,29.0,76.0,85.0,672.0,21.2,4.1,2.9,7.4,0.5489999999999999,0.503,6.0,14.8,19.0,13.7,1.9,1.9,11.0,34.4,114.1,97.9,2.6,2.9,5.5,425.0,0.0,20.363636363636363,0.5,0.5029469548133595,0.3333333332962963,0.7626262626224111,10.636363636363637,1.6666666666666667,0.7878787878787878,0.8787878787878788
100,2010,2,54,Willie Warren,Oklahoma,28.5,903.0,139.0,303.0,90.5,164.5,48.5,138.5,107.5,136.5,16.0,58.5,74.5,99.5,31.0,1.5,80.0,64.5,434.0,20.1,4.1,2.9,7.4,0.5865,0.5325,4.15,12.15,4.9,23.4,1.85,0.15000000000000002,18.25,25.549999999999997,109.25,104.55000000000001,2.4,0.7,3.15,384.5,0.0,15.458333333333332,0.45527200072654617,0.5473950524737632,0.3407502863662149,0.7880487541738951,2.753968253968254,3.617063492063492,1.0694444444444444,0.051587301587301584
101,2010,2,55,Jeremy Evans,Western Kentucky,34.0,826.0,113.33333333333333,177.66666666666666,109.66666666666667,167.0,3.6666666666666665,10.666666666666666,50.0,72.66666666666667,80.66666666666667,121.33333333333333,202.0,18.666666666666668,21.666666666666668,60.0,35.333333333333336,85.66666666666667,280.3333333333333,22.7,4.1,2.9,7.400000000000001,0.66,0.6486666666666666,8.5,15.800000000000002,13.266666666666666,7.066666666666667,1.8999999999999997,5.133333333333334,14.833333333333334,18.333333333333332,120.43333333333332,97.26666666666667,2.4000000000000004,2.3333333333333335,4.8,394.0,0.0,8.245098039215685,0.6361032393609225,0.6570743307894387,0.22368421051198442,0.6839678997219015,5.9411764705882355,0.5490196078431373,0.6372549019607843,1.7647058823529411
102,2011,1,1,Kyrie Irving,Duke,11.0,303.0,55.0,104.0,37.0,65.0,18.0,39.0,64.0,71.0,6.0,31.0,37.0,47.0,16.0,6.0,27.0,23.0,192.0,32.5,10.8,3.5,14.3,0.6970000000000001,0.615,2.3,10.6,6.7,29.8,3.0,1.8,16.4,26.4,135.1,92.7,1.8,0.6,2.4,189.0,1.0,17.454545454545453,0.5288461538461539,0.5692307692307692,0.46153846152662725,0.9014084506915294,3.3636363636363638,4.2727272727272725,1.4545454545454546,0.5454545454545454
103,2011,1,8,Brandon Knight,Kentucky,38.0,1363.0,217.0,513.0,130.0,282.0,87.0,231.0,136.0,171.0,25.0,128.0,153.0,159.0,25.0,8.0,120.0,83.0,657.0,19.3,5.4,0.5,5.9,0.5529999999999999,0.508,2.2,10.2,6.3,23.4,1.1,0.6,16.8,27.0,109.9,101.5,3.6,1.8,5.3,652.0,0.0,17.289473684210527,0.42300194931773877,0.46099290780141844,0.3766233766217462,0.7953216374222496,4.026315789473684,4.184210526315789,0.6578947368421053,0.21052631578947367
104,2011,1,11,Klay Thompson,Washington State,32.666666666666664,1122.3333333333333,199.66666666666666,471.3333333333333,119.0,264.6666666666667,80.66666666666667,206.66666666666666,105.33333333333333,127.33333333333333,29.666666666666668,128.66666666666666,158.33333333333334,86.33333333333333,43.333333333333336,24.666666666666668,96.33333333333333,80.33333333333333,585.3333333333334,22.766666666666666,4.999999999999999,3.0,8.299999999999999,0.547,0.509,4.233333333333333,14.1,9.466666666666667,17.7,2.3666666666666667,2.4,15.333333333333334,28.899999999999995,109.83333333333333,99.3,2.6333333333333333,1.8333333333333333,4.466666666666667,558.3333333333334,1.0,17.9164797883963,0.42285924749860987,0.44735972658633355,0.3913771864971854,0.8474228211760225,4.848714852509919,2.6240488375213236,1.3251681904433328,0.7523048320012267
105,2011,1,12,Alec Burks,Colorado,38.0,1193.0,251.0,535.0,223.0,439.0,28.0,96.0,249.0,302.0,91.0,156.0,247.0,112.0,41.0,12.0,99.0,89.0,779.0,29.4,7.3,-0.1,7.2,0.574,0.495,9.2,14.8,12.1,19.6,2.0,1.0,12.7,32.3,120.2,106.0,5.6,1.0,6.6,771.0,0.0,20.5,0.4691588785046729,0.5079726651480638,0.29166666666362845,0.824503311255548,6.5,2.9473684210526314,1.0789473684210527,0.3157894736842105
106,2011,1,15,Kawhi Leonard,San Diego State,35.0,1118.0,188.5,420.0,168.0,338.0,20.5,82.0,97.5,131.0,115.0,243.0,358.0,78.0,49.0,22.5,76.5,87.0,495.0,24.85,4.0,4.05,8.25,0.5135000000000001,0.474,12.65,24.9,18.95,14.35,2.75,2.25,13.9,25.950000000000003,111.0,88.44999999999999,3.05,2.85,5.9,507.5,1.0,14.10375816993464,0.44950252343186736,0.5003985919403814,0.24791293977039985,0.7425582080697288,10.218954248366014,2.2197712418300655,1.3995098039215685,0.6446078431372549
107,2011,1,21,Nolan Smith,Duke,38.0,1349.0,239.0,542.0,179.0,389.0,60.0,153.0,122.0,159.0,35.0,71.0,106.0,114.0,47.0,9.0,70.0,67.0,660.0,20.4,4.1,2.9,7.4,0.534,0.496,2.9,5.8,4.4,17.7,2.1,0.6,10.2,25.2,117.9,97.3,4.4,2.3,6.7,616.0,0.0,17.36842105263158,0.44095940959409596,0.4601542416452442,0.392156862742535,0.767295597479451,2.789473684210526,3.0,1.236842105263158,0.23684210526315788
108,2011,1,26,Jordan Hamilton,Texas,34.0,676.0,123.0,300.0,65.0,141.0,58.0,159.0,37.0,64.0,34.0,92.0,126.0,50.0,27.0,12.0,47.0,43.0,341.0,19.4,4.1,2.9,7.4,0.516,0.507,5.3,13.8,9.7,13.5,2.2,1.6,12.5,25.3,108.6,95.7,1.5,1.2,2.7,316.0,0.0,10.029411764705882,0.41,0.46099290780141844,0.3647798742115423,0.5781249999909668,3.7058823529411766,1.4705882352941178,0.7941176470588235,0.35294117647058826
109,2011,1,27,JaJuan Johnson,Purdue,34.0,563.0,67.0,159.0,67.0,157.0,0.0,2.0,48.0,74.0,37.0,69.0,106.0,10.0,14.0,34.0,20.0,57.0,182.0,21.2,4.1,2.9,7.4,0.469,0.421,6.0,14.8,11.0,12.7,1.9,1.8,9.3,22.9,114.1,97.9,0.0,2.0,1.9,425.0,0.0,5.352941176470588,0.42138364779874216,0.4267515923566879,0.0,0.6486486486398831,3.1176470588235294,0.29411764705882354,0.4117647058823529,1.0
110,2011,1,30,Jimmy Butler,Marquette,35.0,687.0,55.0,107.0,55.0,103.0,0.0,4.0,86.0,112.0,75.0,63.0,138.0,26.0,17.0,16.0,17.0,66.0,196.0,21.2,4.1,2.9,7.4,0.612,0.514,6.0,14.8,11.8,6.6,1.9,1.9,9.6,12.6,114.1,97.9,1.3,1.4,2.7,425.0,0.0,5.6,0.514018691588785,0.5339805825242718,0.0,0.7678571428502869,3.942857142857143,0.7428571428571429,0.4857142857142857,0.45714285714285713
111,2011,2,34,Shelvin Mack,Butler,38.0,1219.0,201.0,493.0,114.0,247.0,87.0,246.0,120.0,156.0,27.0,143.0,170.0,131.0,30.0,3.0,93.0,66.0,609.0,21.0,5.3,1.0,6.3,0.537,0.496,2.6,14.4,8.4,24.9,1.5,0.3,14.1,28.6,109.9,100.9,3.3,1.6,5.0,593.0,0.0,16.026315789473685,0.4077079107505071,0.46153846153846156,0.3536585365839282,0.7692307692258383,4.473684210526316,3.4473684210526314,0.7894736842105263,0.07894736842105263
112,2011,2,35,Tyler Honeycutt,UCLA,26.0,719.0,69.0,139.0,59.0,110.0,10.0,29.0,39.0,65.0,53.0,116.0,169.0,70.0,39.0,31.0,63.0,60.0,187.0,17.7,4.1,2.9,7.4,0.55,0.532,9.5,19.9,14.8,19.2,3.3,4.8,27.1,17.4,99.9,97.9,0.7,1.2,1.9,219.0,0.0,7.1923076923076925,0.49640287769784175,0.5363636363636364,0.3448275861950059,0.5999999999907693,6.5,2.6923076923076925,1.5,1.1923076923076923
113,2011,2,37,Trey Thompkins,Georgia,28.0,729.0,134.0,309.0,101.0,223.0,33.0,86.0,53.0,73.0,58.0,148.0,206.0,22.0,27.0,31.0,68.0,48.0,354.0,21.2,4.1,2.9,7.4,0.515,0.487,6.0,14.8,15.3,7.5,1.9,3.2,16.5,27.4,114.1,97.9,1.0,1.4,2.4,425.0,0.0,12.642857142857142,0.4336569579288026,0.452914798206278,0.3837209302280963,0.7260273972503284,7.357142857142857,0.7857142857142857,0.9642857142857143,1.1071428571428572
114,2011,2,40,Jon Leuer,Wisconsin,24.0,691.0,142.0,272.0,124.0,226.0,18.0,46.0,67.0,93.0,35.0,104.0,139.0,39.0,13.0,32.0,24.0,50.0,369.0,30.0,4.1,2.9,7.4,0.584,0.555,6.4,20.0,13.0,14.9,1.3,5.2,7.1,28.4,122.1,93.1,2.9,1.5,4.4,332.0,0.0,15.375,0.5220588235294118,0.5486725663716814,0.3913043478175804,0.7204301075191352,5.791666666666667,1.625,0.5416666666666666,1.3333333333333333
115,2011,2,44,Charles Jenkins,Hofstra,34.0,1234.0,235.0,531.0,172.0,377.0,63.0,154.0,169.0,210.0,38.0,116.0,154.0,134.0,61.0,19.0,108.0,89.0,702.0,23.6,4.1,2.9,7.4,0.556,0.502,3.1,10.1,6.5,25.0,2.9,1.6,14.6,28.5,112.4,99.7,3.8,1.8,5.6,659.0,0.0,20.647058823529413,0.4425612052730697,0.4562334217506631,0.4090909090882527,0.8047619047580726,4.529411764705882,3.9411764705882355,1.7941176470588236,0.5588235294117647
116,2011,2,45,Josh Harrellson,Kentucky,38.0,1083.0,127.0,208.0,125.0,198.0,2.0,10.0,33.0,56.0,140.0,189.0,329.0,30.0,35.0,57.0,28.0,91.0,289.0,22.3,5.4,6.0,11.4,0.616,0.615,15.2,18.9,17.1,5.1,2.0,5.2,10.7,12.5,134.3,92.6,3.2,2.3,5.5,324.0,0.0,7.605263157894737,0.6105769230769231,0.6313131313131313,0.19999999998,0.5892857142751914,8.657894736842104,0.7894736842105263,0.9210526315789473,1.5
117,2011,2,50,Lavoy Allen,Temple,33.0,1120.0,154.0,321.0,149.0,304.0,5.0,17.0,69.0,99.0,88.0,195.0,283.0,75.0,23.0,61.0,54.0,75.0,382.0,20.3,1.2,5.3,6.6,0.519,0.488,9.3,20.2,14.8,13.6,1.3,5.4,12.8,19.8,110.0,93.1,2.2,2.4,4.6,397.0,0.0,11.575757575757576,0.4797507788161994,0.4901315789473684,0.2941176470415225,0.6969696969626569,8.575757575757576,2.272727272727273,0.696969696969697,1.8484848484848484
118,2011,2,52,Vernon Macklin,Florida,34.0,859.0,156.0,257.0,156.0,257.0,0.0,0.0,47.0,80.0,91.0,97.0,188.0,26.0,20.0,29.0,46.0,81.0,359.0,22.2,4.1,2.9,7.4,0.608,0.607,11.9,12.9,12.4,6.5,1.4,3.5,13.5,19.9,119.0,100.5,2.4,1.2,3.6,331.0,0.0,10.558823529411764,0.6070038910505836,0.6070038910505836,0.0,0.5874999999926562,5.529411764705882,0.7647058823529411,0.5882352941176471,0.8529411764705882
119,2011,2,53,DeAndre Liggins,Kentucky,29.0,445.0,36.0,86.0,22.0,42.0,14.0,44.0,23.0,39.0,18.0,48.0,66.0,24.0,20.0,8.0,17.0,42.0,109.0,12.7,4.1,2.9,7.4,0.521,0.5,4.6,10.9,8.0,8.8,2.6,1.8,14.0,13.0,112.8,94.1,0.6,0.9,1.5,110.0,0.0,3.7586206896551726,0.4186046511627907,0.5238095238095238,0.3181818181745868,0.5897435897284682,2.2758620689655173,0.8275862068965517,0.6896551724137931,0.27586206896551724
120,2012,1,1,Anthony Davis,Kentucky,40.0,1281.0,210.0,337.0,207.0,317.0,3.0,20.0,144.0,203.0,119.0,296.0,415.0,50.0,54.0,186.0,41.0,78.0,567.0,35.1,7.8,10.8,18.7,0.654,0.628,11.6,25.6,19.0,7.5,2.5,13.7,8.6,18.8,139.0,80.7,5.9,4.1,9.9,550.0,1.0,14.175,0.6231454005934718,0.6529968454258676,0.1499999999925,0.7093596059078358,10.375,1.25,1.35,4.65
121,2012,1,3,Bradley Beal,Florida,37.0,1267.0,175.0,393.0,112.0,207.0,63.0,186.0,133.0,173.0,50.0,199.0,249.0,83.0,51.0,31.0,79.0,76.0,546.0,22.0,5.3,3.3,8.6,0.575,0.525,4.8,20.3,12.3,12.7,2.5,2.6,14.3,23.0,115.4,96.9,3.6,2.1,5.7,522.0,1.0,14.756756756756756,0.44529262086513993,0.5410628019323671,0.3387096774175338,0.7687861271631863,6.72972972972973,2.2432432432432434,1.3783783783783783,0.8378378378378378
122,2012,1,4,Dion Waiters,Syracuse,37.0,891.0,170.0,357.0,129.0,244.0,41.0,113.0,86.0,118.0,18.0,67.0,85.0,92.0,67.0,12.0,48.0,69.0,467.0,26.3,7.4,2.4,9.8,0.565,0.534,2.4,8.8,5.6,21.2,4.6,1.5,10.4,26.7,118.6,93.9,3.2,1.7,5.0,430.0,0.0,12.621621621621621,0.47619047619047616,0.5286885245901639,0.3628318584038687,0.7288135593158575,2.2972972972972974,2.4864864864864864,1.8108108108108107,0.32432432432432434
123,2012,1,5,Thomas Robinson,Kansas,33.0,482.0,101.0,168.0,101.0,168.0,0.0,0.0,49.0,96.0,74.0,138.0,212.0,20.0,14.0,22.0,43.0,67.0,251.0,27.5,2.9,4.6,7.4,0.588,0.601,19.1,30.7,25.3,8.0,1.7,4.9,16.8,26.1,112.7,85.8,1.4,1.3,2.8,245.0,0.0,7.606060606060606,0.6011904761904762,0.6011904761904762,0.0,0.5104166666613498,6.424242424242424,0.6060606060606061,0.42424242424242425,0.6666666666666666
124,2012,1,6,Damian Lillard,Weber State,26.0,840.75,146.0,327.5,84.5,170.0,61.5,157.5,130.0,150.0,10.75,100.25,111.0,90.5,32.25,4.75,61.5,55.25,483.5,27.025,6.25,0.8250000000000001,7.25,0.60175,0.5342500000000001,2.95,14.150000000000002,8.075000000000001,24.75,2.325,0.625,14.425,29.075,120.07500000000002,101.35000000000001,3.575,0.85,4.4,481.0,1.0,18.39677419354839,0.4424271668112909,0.5006437132300277,0.3801798409071025,0.8597922365454409,4.183618951612903,3.445967741935484,1.2655745967741936,0.18533266129032255
125,2012,2,31,Jeffery Taylor,Vanderbilt,33.5,981.0,173.0,348.5,135.5,250.0,37.5,98.5,95.5,148.0,79.5,116.5,196.0,57.5,37.5,14.0,74.0,71.5,479.0,22.45,5.25,2.55,8.0,0.5694999999999999,0.544,7.2,14.05,12.350000000000001,14.0,2.15,1.2999999999999998,15.3,25.95,114.25,98.85,2.75,1.5,4.25,485.5,0.0,14.150089605734767,0.49740138246452886,0.5427536231884058,0.32129455909540416,0.6478715117034198,5.874551971326165,1.7159498207885306,1.1066308243727598,0.4157706093189964
126,2012,2,35,Draymond Green,Michigan State,36.25,904.75,135.75,290.75,113.0,227.75,22.75,63.0,85.0,123.75,70.75,203.25,274.0,106.25,45.0,29.0,69.25,99.0,379.25,24.275000000000002,5.0,5.074999999999999,10.274999999999999,0.55,0.517,8.549999999999999,23.425,17.725,23.025,2.7750000000000004,3.3,16.85,22.2,112.85,90.92500000000001,2.3999999999999995,2.4000000000000004,4.8,473.5,1.0,10.50516693163752,0.48883083908424213,0.509223314102272,0.219849083785392,0.6732253898772491,7.580683624801272,2.9556836248012726,1.2519872813990462,0.8064387917329094
127,2012,2,38,Quincy Miller,Baylor,37.0,903.0,138.0,309.0,114.0,240.0,24.0,69.0,93.0,114.0,54.0,128.0,182.0,53.0,25.0,24.0,66.0,69.0,393.0,19.4,2.5,2.4,4.8,0.541,0.485,7.5,17.5,12.5,11.6,1.7,2.9,15.4,23.9,110.1,98.8,2.1,1.3,3.5,377.0,0.0,10.621621621621621,0.44660194174757284,0.475,0.34782608695148076,0.8157894736770545,4.918918918918919,1.4324324324324325,0.6756756756756757,0.6486486486486487
128,2012,2,41,Tyshawn Taylor,Kansas,39.0,1303.0,226.0,474.0,168.0,322.0,58.0,152.0,137.0,199.0,8.0,83.0,91.0,186.0,52.0,6.0,138.0,77.0,647.0,19.8,5.0,1.0,6.0,0.569,0.5379999999999999,0.7,7.5,4.2,29.7,2.4,0.5,19.5,27.5,106.9,97.7,3.1,2.1,5.2,635.0,0.0,16.58974358974359,0.4767932489451477,0.5217391304347826,0.3815789473659107,0.6884422110518169,2.3333333333333335,4.769230769230769,1.3333333333333333,0.15384615384615385
129,2012,2,43,Mike Scott,Virginia,28.0,774.0,111.0,204.0,109.0,198.0,2.0,6.0,63.0,85.0,95.0,113.0,208.0,21.0,24.0,9.0,49.0,68.0,287.0,21.2,4.1,2.9,7.4,0.5870000000000001,0.5489999999999999,6.0,14.8,15.0,5.7,1.9,0.9,16.7,18.2,114.1,97.9,1.7,1.2,2.9,425.0,0.0,10.25,0.5441176470588235,0.5505050505050505,0.33333333327777775,0.7411764705795155,7.428571428571429,0.75,0.8571428571428571,0.32142857142857145
130,2012,2,46,Darius Miller,Kentucky,38.0,1178.0,149.0,312.0,91.0,181.0,58.0,131.0,58.0,68.0,51.0,122.0,173.0,66.0,32.0,43.0,57.0,100.0,414.0,18.4,5.3,3.9,9.2,0.601,0.5710000000000001,5.1,11.2,8.3,10.6,1.6,3.6,14.2,17.5,119.9,98.0,3.0,1.9,4.9,397.0,0.0,10.894736842105264,0.4775641025641026,0.5027624309392266,0.4427480915996737,0.8529411764580449,4.552631578947368,1.736842105263158,0.8421052631578947,1.131578947368421
131,2012,2,51,Kris Joseph,Syracuse,35.0,974.0,127.0,259.0,118.0,218.0,9.0,41.0,116.0,155.0,60.0,134.0,194.0,61.0,48.0,14.0,62.0,64.0,379.0,18.9,4.1,2.9,7.4,0.57,0.508,7.7,13.8,11.0,10.2,2.8,1.6,15.7,19.5,115.2,94.3,2.3,1.9,4.3,377.0,0.0,10.82857142857143,0.49034749034749037,0.5412844036697247,0.21951219511659728,0.7483870967693653,5.542857142857143,1.7428571428571429,1.3714285714285714,0.4
132,2012,2,59,Marcus Denmon,Missouri,34.5,963.5,158.5,354.0,75.0,149.0,83.5,205.0,86.5,105.0,32.5,105.5,138.0,61.0,41.5,2.5,36.0,41.0,487.0,23.3,6.55,1.65,8.350000000000001,0.5974999999999999,0.5634999999999999,4.2,13.0,8.65,12.3,2.5,0.35,8.35,23.15,125.05,99.15,3.75,1.35,5.1,439.5,0.0,14.063445378151261,0.4441707717569786,0.49415290880503143,0.4072965180729038,0.7964454045482371,3.984873949579832,1.7630252100840336,1.1978991596638655,0.073109243697479
133,2013,1,2,Victor Oladipo,Indiana,34.666666666666664,852.6666666666666,135.33333333333334,251.33333333333334,119.33333333333333,204.0,16.0,47.333333333333336,85.66666666666667,119.66666666666667,69.0,110.0,179.0,58.333333333333336,53.666666666666664,18.666666666666668,67.66666666666667,82.66666666666667,372.3333333333333,23.633333333333336,5.866666666666666,4.6000000000000005,10.466666666666667,0.601,0.5690000000000001,10.466666666666667,15.6,13.066666666666668,13.466666666666667,3.733333333333333,2.1999999999999997,17.966666666666665,22.633333333333336,115.43333333333332,95.3,2.6,1.633333333333333,4.2,372.6666666666667,1.0,10.61574074074074,0.5386187655840368,0.5864939886554158,0.3190673705304046,0.7026395173393514,5.109953703703703,1.6527777777777777,1.5300925925925926,0.5266203703703703
134,2013,1,6,Nerlens Noel,Kentucky,24.0,765.0,98.0,166.0,98.0,166.0,0.0,0.0,55.0,104.0,65.0,162.0,227.0,38.0,50.0,106.0,45.0,62.0,251.0,27.3,2.9,11.7,14.6,0.583,0.59,10.4,23.9,17.4,9.5,3.9,13.2,17.3,17.4,112.9,82.3,1.6,2.3,3.9,257.0,0.0,10.458333333333334,0.5903614457831325,0.5903614457831325,0.0,0.5288461538410688,9.458333333333334,1.5833333333333333,2.0833333333333335,4.416666666666667
135,2013,1,11,Michael Carter-Williams,Syracuse,26.0,269.0,25.0,58.0,18.0,40.0,7.0,18.0,13.0,23.0,9.0,29.0,38.0,54.0,20.0,7.0,16.0,25.0,70.0,20.8,4.0,4.2,8.2,0.508,0.491,3.9,12.7,8.3,34.3,4.6,2.9,18.8,16.3,114.8,91.0,0.6,0.6,1.2,92.0,0.0,2.6923076923076925,0.43103448275862066,0.45,0.38888888886728395,0.5652173912797731,1.4615384615384615,2.076923076923077,0.7692307692307693,0.2692307692307692
136,2013,1,13,Kelly Olynyk,Gonzaga,32.0,845.0,215.0,342.0,206.0,312.0,9.0,30.0,132.0,170.0,77.0,158.0,235.0,55.0,22.0,36.0,77.0,72.0,571.0,36.2,8.7,4.7,13.4,0.675,0.642,11.8,22.6,17.4,15.1,1.6,5.1,15.4,30.7,127.1,89.9,4.7,1.9,6.7,516.0,0.0,17.84375,0.6286549707602339,0.6602564102564102,0.29999999999,0.7764705882307267,7.34375,1.71875,0.6875,1.125
137,2013,2,34,Isaiah Canaan,Murray State,33.0,1112.0,187.0,400.0,89.0,185.0,98.0,215.0,154.0,184.0,27.0,87.0,114.0,120.0,45.0,2.0,89.0,56.0,626.0,26.5,8.0,-0.3,7.8,0.642,0.59,3.1,10.0,6.6,24.4,2.5,0.2,15.4,27.0,125.7,95.5,5.2,2.0,7.2,597.0,0.0,18.96969696969697,0.4675,0.4810810810810811,0.45581395348625203,0.8369565217345818,3.4545454545454546,3.6363636363636362,1.3636363636363635,0.06060606060606061
138,2013,2,40,Grant Jerrett,Arizona,34.0,606.0,63.0,154.0,31.0,75.0,32.0,79.0,18.0,22.0,37.0,85.0,122.0,18.0,16.0,33.0,19.0,44.0,176.0,16.6,2.7,4.7,7.4,0.535,0.513,7.6,17.9,12.7,5.7,1.6,5.8,10.4,15.6,115.8,95.1,1.2,1.1,2.3,170.0,0.0,5.176470588235294,0.4090909090909091,0.41333333333333333,0.4050632911341131,0.8181818181446281,3.588235294117647,0.5294117647058824,0.47058823529411764,0.9705882352941176
139,2013,2,42,Pierre Jackson,Baylor,36.0,1252.0,216.0,506.0,128.0,261.0,88.0,245.0,192.0,240.0,24.0,111.0,135.0,255.0,54.0,0.0,122.0,80.0,712.0,26.0,9.8,0.8,10.6,0.574,0.514,2.2,10.3,6.2,40.7,2.5,0.0,16.4,29.5,117.5,100.1,5.3,1.6,7.0,749.0,0.0,19.77777777777778,0.4268774703557312,0.4904214559386973,0.35918367346792174,0.7999999999966667,3.75,7.083333333333333,1.5,0.0
140,2013,2,44,Mike Muscala,Bucknell,35.0,1047.0,193.0,384.0,186.0,364.0,7.0,20.0,203.0,238.0,97.0,222.0,319.0,63.0,16.0,59.0,72.0,87.0,596.0,31.5,4.4,3.2,7.6,0.6,0.512,12.4,27.0,19.9,14.6,1.0,6.7,12.7,29.8,121.9,92.1,4.9,2.2,7.1,588.0,0.0,17.02857142857143,0.5026041666666666,0.510989010989011,0.3499999999825,0.8529411764670045,9.114285714285714,1.8,0.45714285714285713,1.6857142857142857
141,2013,2,48,Ryan Kelly,Duke,34.0,773.0,101.0,212.5,70.0,129.0,31.0,83.5,73.0,90.5,49.0,103.5,152.5,33.0,24.5,41.0,36.5,74.0,306.0,21.1,5.2,4.55,9.75,0.5994999999999999,0.5515000000000001,7.3999999999999995,15.0,11.25,7.949999999999999,1.7999999999999998,4.8,12.55,18.55,123.15,95.5,2.35,1.4,3.7,295.0,0.0,9.230165649520488,0.4801438751578567,0.5516570386135604,0.3635019225037408,0.8060104529489742,4.558413251961639,0.9834350479511771,0.7249346120313862,1.189189189189189
142,2013,2,56,Peyton Siva,Louisville,34.5,776.0,79.5,194.5,61.5,136.5,18.0,58.0,56.5,80.0,12.0,61.5,73.5,133.5,47.5,3.5,88.5,90.0,233.5,13.55,2.0999999999999996,2.95,5.25,0.5215,0.485,1.7000000000000002,8.3,4.95,32.4,4.2,0.5,28.4,20.85,95.6,96.0,0.44999999999999996,1.5,1.9500000000000002,271.0,0.0,6.501273344651953,0.4169057686499547,0.4558452481076535,0.32531606536548363,0.6746259479296085,2.011460101867572,3.679541595925297,1.3421052631578947,0.09804753820033955
143,2013,2,58,Deshaun Thomas,Ohio State,37.0,518.0,105.0,219.0,84.0,155.0,21.0,64.0,47.0,59.0,62.0,69.0,131.0,17.0,14.0,6.0,30.0,41.0,278.0,26.0,5.3,0.8,6.1,0.563,0.527,15.1,16.5,15.8,6.8,1.7,1.3,10.8,28.4,118.4,94.3,2.0,1.0,3.0,262.0,0.0,7.513513513513513,0.4794520547945205,0.5419354838709678,0.32812499999487305,0.7966101694780237,3.5405405405405403,0.4594594594594595,0.3783783783783784,0.16216216216216217
144,2014,1,7,Julius Randle,Kentucky,40.0,1233.0,196.0,391.0,193.0,373.0,3.0,18.0,204.0,289.0,139.0,277.0,416.0,57.0,20.0,31.0,101.0,91.0,599.0,24.5,4.2,3.0,7.1,0.5670000000000001,0.505,13.3,24.7,19.2,10.0,1.0,2.6,16.1,25.4,115.9,97.8,3.5,2.4,5.9,599.0,0.0,14.975,0.5012787723785166,0.517426273458445,0.1666666666574074,0.705882352938734,10.4,1.425,0.5,0.775
145,2014,1,11,Doug McDermott,Creighton,39.0,1133.0,220.0,419.0,173.0,303.0,47.0,116.0,94.0,126.0,82.0,198.0,280.0,45.0,11.0,4.0,87.0,81.0,581.0,22.9,3.8,-1.4,2.5,0.607,0.581,9.4,20.3,15.2,9.8,0.6,0.4,15.4,27.4,112.4,104.0,3.3,1.2,4.4,518.0,0.0,14.897435897435898,0.5250596658711217,0.570957095709571,0.40517241378961055,0.7460317460258251,7.17948717948718,1.1538461538461537,0.28205128205128205,0.10256410256410256
146,2014,1,17,James Young,Kentucky,40.0,1296.0,183.0,450.0,101.0,215.0,82.0,235.0,125.0,177.0,41.0,130.0,171.0,67.0,30.0,8.0,75.0,83.0,573.0,16.6,5.2,0.8,6.0,0.536,0.498,3.7,11.0,7.5,10.8,1.4,0.6,12.3,23.4,114.8,104.3,3.0,1.7,4.7,527.0,0.0,14.325,0.4066666666666667,0.4697674418604651,0.34893617021128115,0.7062146892615468,4.275,1.675,0.75,0.2
147,2014,1,18,Tyler Ennis,Syracuse,34.0,1215.0,148.0,360.0,118.0,275.0,30.0,85.0,114.0,149.0,27.0,88.0,115.0,187.0,71.0,6.0,58.0,69.0,440.0,21.3,5.4,2.3,7.7,0.511,0.453,2.6,9.0,5.7,32.3,3.9,0.7,11.9,21.9,117.4,98.7,3.2,2.2,5.5,480.0,0.0,12.941176470588236,0.4111111111111111,0.4290909090909091,0.35294117646643597,0.7651006711358047,3.3823529411764706,5.5,2.088235294117647,0.17647058823529413
148,2014,1,19,Gary Harris,Michigan State,34.0,1010.0,150.0,329.0,85.0,171.0,65.0,158.0,74.0,98.0,30.0,56.0,86.0,46.0,45.0,6.0,51.0,68.0,439.0,19.2,6.4,1.9,8.3,0.584,0.555,3.7,6.8,5.3,9.8,2.8,0.7,12.0,22.1,117.2,97.2,2.9,1.6,4.5,385.0,0.0,12.911764705882353,0.45592705167173253,0.49707602339181284,0.4113924050606874,0.7551020408086214,2.5294117647058822,1.3529411764705883,1.3235294117647058,0.17647058823529413
149,2014,1,30,Kyle Anderson,UCLA,35.0,1046.0,122.0,293.0,114.0,255.0,8.0,38.0,86.0,117.0,74.0,228.0,302.0,122.0,62.0,31.0,73.0,72.0,338.0,20.2,2.7,6.4,9.0,0.485,0.43,8.0,25.0,16.4,20.8,3.4,2.8,17.3,20.0,102.5,91.7,1.5,2.2,3.7,388.0,0.0,9.657142857142857,0.41638225255972694,0.4470588235294118,0.21052631578393355,0.7350427350364526,8.628571428571428,3.4857142857142858,1.7714285714285714,0.8857142857142857
150,2014,2,32,K.J. McDaniels,Clemson,28.0,771.0,109.0,252.0,77.0,156.0,32.0,96.0,54.0,79.0,50.0,90.0,140.0,21.0,32.0,58.0,44.0,62.0,304.0,21.6,2.0,5.2,7.1,0.525,0.496,7.8,15.3,11.4,6.5,2.7,8.3,13.2,23.8,104.7,94.1,1.4,1.5,2.8,282.0,0.0,10.857142857142858,0.43253968253968256,0.4935897435897436,0.3333333333298611,0.6835443037888158,5.0,0.75,1.1428571428571428,2.0714285714285716
151,2014,2,35,Jarnell Stokes,Tennessee,37.0,1199.0,199.0,375.0,199.0,375.0,0.0,0.0,160.0,230.0,155.0,237.0,392.0,75.0,26.0,34.0,77.0,73.0,558.0,27.6,5.8,4.3,10.0,0.5760000000000001,0.531,15.3,23.1,19.2,13.7,1.4,2.9,13.7,24.6,121.9,95.4,4.2,2.6,6.8,575.0,0.0,15.08108108108108,0.5306666666666666,0.5306666666666666,0.0,0.695652173910019,10.594594594594595,2.027027027027027,0.7027027027027027,0.918918918918919
152,2014,2,42,Nick Johnson,Arizona,35.0,1041.0,118.0,287.0,77.0,171.0,41.0,116.0,80.5,115.5,16.5,104.0,120.5,98.5,47.0,19.5,66.5,72.0,357.5,15.850000000000001,2.15,3.25,5.4,0.5209999999999999,0.48,2.0,12.399999999999999,7.199999999999999,19.5,2.6500000000000004,1.95,16.35,20.6,105.1,96.65,1.7000000000000002,1.7,3.4499999999999997,360.0,0.0,10.214285714285715,0.4085577016876403,0.44498717363038975,0.3562616822398764,0.6960069183275472,3.442857142857143,2.814285714285714,1.342857142857143,0.5571428571428572
153,2014,2,44,Markel Brown,Oklahoma State,33.0,1026.0,116.0,272.0,93.0,200.0,23.0,72.0,93.0,127.0,31.0,137.0,168.0,80.0,41.0,19.0,76.0,79.0,348.0,15.9,1.2,2.4,3.6,0.524,0.469,3.7,16.2,9.9,17.5,2.4,1.9,18.6,21.5,98.8,101.6,1.1,1.3,2.3,358.0,0.0,10.545454545454545,0.4264705882352941,0.465,0.3194444444400077,0.7322834645611631,5.090909090909091,2.4242424242424243,1.2424242424242424,0.5757575757575758
154,2014,2,45,Dwight Powell,Stanford,34.0,1032.0,179.0,383.0,164.0,350.0,15.0,33.0,133.0,167.0,72.0,213.0,285.0,72.0,26.0,39.0,83.0,104.0,506.0,23.3,3.1,4.4,7.5,0.547,0.487,7.7,26.6,16.4,16.0,1.5,3.6,15.2,26.5,109.0,94.7,2.7,1.9,4.6,496.0,0.0,14.882352941176471,0.46736292428198434,0.4685714285714286,0.4545454545316805,0.7964071856239736,8.382352941176471,2.1176470588235294,0.7647058823529411,1.1470588235294117
155,2014,2,47,Russ Smith,Louisville,17.0,96.0,14.0,41.0,7.0,24.0,7.0,17.0,3.0,5.0,1.0,6.0,7.0,14.0,13.0,1.0,13.0,17.0,38.0,13.3,-1.5,4.8,3.3,0.438,0.4270000000000001,1.2,6.9,4.1,28.0,8.0,1.1,23.1,29.3,84.1,86.1,-0.1,0.3,0.2,39.0,0.0,2.235294117647059,0.34146341463414637,0.2916666666666667,0.41176470585813146,0.59999999988,0.4117647058823529,0.8235294117647058,0.7647058823529411,0.058823529411764705
156,2014,2,50,Alec Brown,Green Bay,30.0,909.0,165.0,347.0,123.0,247.0,42.0,100.0,88.0,121.0,63.0,108.0,171.0,30.0,15.0,94.0,65.0,67.0,460.0,22.7,1.0,3.7,4.6,0.569,0.536,8.5,12.8,10.8,7.0,1.0,10.9,13.8,26.2,110.2,95.1,1.9,2.0,3.9,412.0,0.0,15.333333333333334,0.4755043227665706,0.4979757085020243,0.4199999999958,0.7272727272667168,5.7,1.0,0.5,3.1333333333333333
157,2014,2,55,Semaj Christon,Xavier,30.0,1027.0,162.0,365.0,155.0,337.0,7.0,28.0,125.0,186.0,5.0,81.0,86.0,139.0,45.0,3.0,109.0,80.0,456.0,17.7,1.0,1.2,2.2,0.503,0.453,0.6,10.1,5.4,32.2,2.8,0.4,19.4,29.8,98.5,100.4,1.5,1.3,2.8,470.0,0.0,15.2,0.4438356164383562,0.4599406528189911,0.24999999999107142,0.672043010749075,2.8666666666666667,4.633333333333334,1.5,0.1
158,2015,1,1,Karl-Anthony Towns,Kentucky,39.0,822.0,145.0,256.0,143.0,248.0,2.0,8.0,109.0,134.0,92.0,169.0,261.0,44.0,18.0,88.0,53.0,115.0,401.0,31.4,6.5,10.8,17.3,0.627,0.57,14.2,22.3,18.5,11.6,1.4,11.5,14.2,23.7,126.8,78.1,3.5,2.9,6.4,391.0,1.0,10.282051282051283,0.56640625,0.5766129032258065,0.24999999996875,0.8134328358148252,6.6923076923076925,1.1282051282051282,0.46153846153846156,2.2564102564102564
159,2015,1,3,Jahlil Okafor,Duke,38.0,1143.0,279.0,420.0,279.0,420.0,0.0,0.0,99.0,194.0,134.0,188.0,322.0,49.0,29.0,54.0,95.0,81.0,657.0,30.7,6.8,4.1,10.9,0.6409999999999999,0.664,14.8,18.2,16.6,9.4,1.5,4.5,15.6,27.6,119.9,95.4,4.5,2.2,6.7,609.0,0.0,17.289473684210527,0.6642857142857143,0.6642857142857143,0.0,0.5103092783478851,8.473684210526315,1.2894736842105263,0.7631578947368421,1.4210526315789473
160,2015,1,16,Terry Rozier,Louisville,37.0,699.0,93.0,232.0,57.0,135.0,36.0,97.0,37.0,52.0,28.0,86.0,114.0,67.0,38.0,2.0,22.0,54.0,259.0,17.8,3.6,3.6,7.2,0.504,0.478,4.4,13.7,9.0,16.6,3.2,0.3,7.9,19.3,118.0,89.6,1.6,1.9,3.5,262.0,0.0,7.0,0.40086206896551724,0.4222222222222222,0.37113402061473055,0.7115384615247782,3.081081081081081,1.8108108108108107,1.027027027027027,0.05405405405405406
161,2015,1,23,Rondae Hollis-Jefferson,Arizona,38.0,1090.0,138.0,275.0,132.0,246.0,6.0,29.0,145.0,205.0,77.0,183.0,260.0,59.0,44.0,32.0,59.0,94.0,427.0,21.8,4.4,6.8,11.2,0.573,0.513,9.0,20.1,14.8,10.1,2.4,3.4,13.7,20.5,118.5,87.8,3.1,2.9,5.9,435.0,0.0,11.236842105263158,0.5018181818181818,0.5365853658536586,0.20689655171700358,0.7073170731672814,6.842105263157895,1.5526315789473684,1.1578947368421053,0.8421052631578947
162,2015,1,27,Larry Nance,Wyoming,31.0,1082.0,185.0,360.0,171.0,318.0,14.0,42.0,114.0,145.0,44.0,180.0,224.0,76.0,37.0,37.0,70.0,69.0,498.0,25.3,2.4,4.3,6.7,0.581,0.5329999999999999,6.0,21.1,14.1,20.0,2.3,4.3,14.0,28.5,109.6,90.6,2.8,2.6,5.4,472.0,0.0,16.06451612903226,0.5138888888888888,0.5377358490566038,0.33333333332539683,0.786206896546302,7.225806451612903,2.4516129032258065,1.1935483870967742,1.1935483870967742
163,2015,2,34,Anthony Brown,Stanford,36.5,1046.0,124.0,283.5,76.5,165.0,47.5,118.5,75.5,103.5,32.5,132.0,164.5,56.5,27.0,4.0,59.5,66.0,371.0,14.700000000000001,2.3,1.85,4.15,0.5525,0.5189999999999999,3.75,15.7,9.600000000000001,10.45,1.5,0.45,15.1,19.299999999999997,108.25,99.6,1.7,1.6,3.3,353.5,0.0,10.193318318318319,0.4352193880097839,0.46072171072171075,0.4014957264923323,0.7050925925853442,4.513513513513514,1.5551801801801801,0.7413663663663663,0.10960960960960961
164,2015,2,38,Darrun Hilliard,Villanova,35.0,1007.0,170.0,386.0,91.0,182.0,79.0,204.0,82.0,103.0,16.0,93.0,109.0,74.0,63.0,12.0,42.0,78.0,501.0,23.1,6.7,3.5,10.2,0.5760000000000001,0.5429999999999999,2.0,10.7,6.5,15.9,3.8,1.3,8.8,25.2,119.5,92.8,3.3,2.2,5.5,444.0,0.0,14.314285714285715,0.44041450777202074,0.5,0.387254901958886,0.7961165048466396,3.1142857142857143,2.1142857142857143,1.8,0.34285714285714286
165,2015,2,40,Josh Richardson,Tennessee,37.0,1124.0,139.0,293.0,105.0,193.0,34.0,100.0,69.0,87.0,29.0,77.0,106.0,56.0,27.0,30.0,37.0,79.0,381.0,16.3,4.1,2.9,7.0,0.57,0.532,3.1,8.0,5.5,10.0,1.5,2.8,10.0,17.3,122.2,101.5,2.6,1.8,4.4,348.0,0.0,10.297297297297296,0.47440273037542663,0.5440414507772021,0.33999999999659997,0.793103448266746,2.864864864864865,1.5135135135135136,0.7297297297297297,0.8108108108108109
166,2015,2,41,Pat Connaughton,Notre Dame,35.0,1123.0,109.0,245.0,51.0,91.0,58.0,154.0,34.0,48.0,25.0,139.0,164.0,75.0,16.0,12.0,31.0,54.0,310.0,15.2,5.1,1.9,7.0,0.579,0.563,2.8,15.8,9.3,12.8,0.9,1.1,10.4,14.6,120.3,103.2,2.4,1.1,3.6,289.0,0.0,8.857142857142858,0.4448979591836735,0.5604395604395604,0.37662337662093104,0.7083333333185764,4.685714285714286,2.142857142857143,0.45714285714285713,0.34285714285714286
167,2015,2,46,Norman Powell,UCLA,37.0,952.0,153.0,287.0,133.0,219.0,20.0,68.0,96.0,123.0,24.0,81.0,105.0,63.0,51.0,14.0,38.0,85.0,422.0,20.2,4.7,2.4,7.1,0.611,0.568,3.0,9.6,6.4,11.8,3.1,1.8,9.9,20.2,122.8,102.0,2.6,1.5,4.1,384.0,0.0,11.405405405405405,0.5331010452961672,0.6073059360730594,0.2941176470544983,0.7804878048717033,2.8378378378378377,1.7027027027027026,1.3783783783783783,0.3783783783783784
168,2015,2,56,Branden Dawson,Michigan State,28.0,792.0,136.0,222.0,136.0,221.0,0.0,1.0,42.0,64.0,83.0,150.0,233.0,46.0,35.0,25.0,36.0,41.0,314.0,25.5,5.4,5.7,11.1,0.622,0.613,13.0,21.3,17.3,11.7,2.7,3.7,12.5,19.0,126.0,94.9,2.4,1.7,4.1,312.0,0.0,11.214285714285714,0.6126126126126126,0.6153846153846154,0.0,0.6562499999897461,8.321428571428571,1.6428571428571428,1.25,0.8928571428571429
169,2016,1,5,Kris Dunn,Providence,25.0,680.0,49.0,123.0,45.0,109.0,4.0,14.0,40.0,58.0,41.0,79.0,120.0,79.0,29.0,7.0,47.0,77.0,142.0,12.4,0.4,3.8,4.2,0.472,0.415,6.6,14.8,10.4,22.8,2.6,1.1,23.8,14.7,98.4,98.1,0.5,1.0,1.5,175.0,0.0,5.68,0.3983739837398374,0.41284403669724773,0.2857142856938775,0.6896551724019025,4.8,3.16,1.16,0.28
170,2016,1,7,Jamal Murray,Kentucky,36.0,1267.0,244.0,538.0,131.0,261.0,113.0,277.0,119.0,152.0,53.0,133.0,186.0,79.0,35.0,11.0,84.0,75.0,720.0,22.7,8.1,1.1,9.1,0.59,0.5589999999999999,4.9,11.2,8.2,12.1,1.6,0.9,12.1,27.1,120.2,102.6,4.4,1.8,6.1,649.0,0.0,20.0,0.45353159851301117,0.5019157088122606,0.4079422382656753,0.7828947368369547,5.166666666666667,2.1944444444444446,0.9722222222222222,0.3055555555555556
171,2016,1,14,Denzel Valentine,Michigan State,31.0,1022.0,205.0,444.0,101.0,210.0,104.0,234.0,81.0,95.0,25.0,208.0,233.0,241.0,32.0,7.0,85.0,52.0,595.0,29.7,12.2,4.4,16.5,0.608,0.579,3.0,21.2,12.8,45.8,1.9,0.7,14.8,28.4,127.2,94.0,5.0,2.2,7.3,622.0,0.0,19.193548387096776,0.4617117117117117,0.48095238095238096,0.4444444444425451,0.8526315789383934,7.516129032258065,7.774193548387097,1.032258064516129,0.22580645161290322
172,2016,1,20,Caris LeVert,Michigan,33.0,354.0,28.0,89.0,15.0,46.0,13.0,43.0,7.0,14.0,6.0,30.0,36.0,25.0,6.0,2.0,10.0,39.0,76.0,7.0,0.1,1.0,1.1,0.397,0.388,2.1,10.9,6.4,11.5,1.1,0.6,9.5,16.0,94.6,103.5,0.2,0.3,0.5,81.0,0.0,2.303030303030303,0.3146067415730337,0.32608695652173914,0.30232558138831805,0.49999999996428574,1.0909090909090908,0.7575757575757576,0.18181818181818182,0.06060606060606061
173,2016,1,30,Damian Jones,Vanderbilt,33.0,866.0,184.0,312.0,184.0,309.0,0.0,3.0,90.0,168.0,74.0,153.0,227.0,38.0,8.0,54.0,65.0,108.0,458.0,23.4,2.2,4.5,6.7,0.584,0.59,9.9,17.3,13.9,10.2,0.5,5.9,14.2,26.8,110.4,95.8,2.0,1.7,3.8,426.0,0.0,13.878787878787879,0.5897435897435898,0.5954692556634305,0.0,0.535714285711097,6.878787878787879,1.1515151515151516,0.24242424242424243,1.6363636363636365
174,2016,2,36,Malcolm Brogdon,Virginia,37.0,1163.0,150.0,363.0,106.0,244.0,44.0,119.0,126.0,144.0,33.0,168.0,201.0,101.0,44.0,5.0,53.0,71.0,470.0,20.8,5.1,5.0,10.1,0.545,0.474,3.6,17.3,10.7,19.4,2.5,0.5,10.9,23.5,117.0,91.1,3.1,3.0,6.0,460.0,0.0,12.702702702702704,0.4132231404958678,0.4344262295081967,0.3697478991565567,0.8749999999939236,5.4324324324324325,2.72972972972973,1.1891891891891893,0.13513513513513514
175,2016,2,42,Isaiah Whitehead,Seton Hall,34.0,1098.0,194.0,512.0,113.0,290.0,81.0,222.0,149.0,196.0,18.0,104.0,122.0,173.0,40.0,49.0,119.0,78.0,618.0,20.5,4.3,3.4,7.7,0.511,0.458,1.8,9.7,5.9,33.0,2.1,4.5,16.4,31.6,104.4,97.4,2.1,2.1,4.2,624.0,0.0,18.176470588235293,0.37890625,0.3896551724137931,0.36486486486322134,0.7602040816287745,3.588235294117647,5.088235294117647,1.1764705882352942,1.4411764705882353
176,2016,2,45,Demetrius Jackson,Notre Dame,30.0,666.0,55.0,131.0,30.0,71.0,25.0,60.0,46.0,59.0,15.0,49.0,64.0,55.0,12.0,1.0,37.0,58.0,181.0,11.2,1.5,-0.8,0.7,0.569,0.515,2.7,9.1,5.9,14.7,1.1,0.2,18.9,15.8,110.2,114.0,0.9,0.3,1.2,186.0,0.0,6.033333333333333,0.4198473282442748,0.4225352112676056,0.41666666665972224,0.779661016935938,2.1333333333333333,1.8333333333333333,0.4,0.03333333333333333
177,2016,2,47,Jake Layman,Maryland,35.0,1053.0,143.0,304.0,98.0,185.0,45.0,119.0,106.0,141.0,45.0,158.0,203.0,49.0,28.0,26.0,67.0,75.0,437.0,20.1,3.9,3.0,6.9,0.589,0.544,5.6,16.2,11.4,11.1,1.6,2.7,15.3,22.7,112.9,97.0,2.5,1.9,4.4,416.0,0.0,12.485714285714286,0.47039473684210525,0.5297297297297298,0.37815126050102393,0.7517730496400584,5.8,1.4,0.8,0.7428571428571429
178,2016,2,50,Georges Niang,Iowa State,34.5,1093.5,252.5,493.0,200.5,348.0,52.0,145.0,85.5,111.5,40.0,145.0,185.0,120.0,26.0,21.5,87.0,110.0,642.5,22.6,5.65,1.5499999999999998,7.199999999999999,0.5865,0.563,4.25,13.75,9.3,21.4,1.3,1.9,13.75,28.6,113.1,104.95,3.1500000000000004,1.35,4.449999999999999,610.0,0.0,18.595378151260505,0.5103455103455103,0.5736947040498441,0.3590695019241649,0.7639382676078814,5.349579831932774,3.480252100840336,0.7516806722689076,0.623109243697479
179,2016,2,52,Joel Bolomboy,Weber State,31.5,972.0,138.0,253.5,127.5,225.5,10.5,28.0,126.5,178.5,108.0,264.0,372.0,26.0,19.0,32.5,61.0,74.5,413.0,23.950000000000003,0.0,1.2,1.2,0.599,0.5465,14.7,29.6,22.8,5.6,1.15,3.1,15.45,21.450000000000003,119.55,93.85,2.8499999999999996,2.25,5.1,426.0,0.0,12.91060606060606,0.530467795426776,0.5493411389483402,0.681818181314876,0.71302529579328,11.771212121212121,0.8136363636363636,0.5984848484848485,1.0227272727272727
180,2017,1,12,Luke Kennard,Duke,37.0,1314.0,237.0,485.0,149.0,284.0,88.0,201.0,160.0,187.0,43.0,145.0,188.0,91.0,31.0,13.0,59.0,83.0,722.0,24.4,8.4,1.2,9.5,0.629,0.579,3.9,12.1,8.2,13.6,1.4,0.9,9.3,24.0,130.5,104.4,5.5,1.6,7.1,672.0,0.0,19.513513513513512,0.488659793814433,0.5246478873239436,0.4378109452714537,0.8556149732574566,5.081081081081081,2.4594594594594597,0.8378378378378378,0.35135135135135137
181,2017,1,19,John Collins,Wake Forest,31.0,446.0,81.0,148.0,81.0,148.0,0.0,0.0,65.0,94.0,52.0,70.0,122.0,7.0,9.0,23.0,31.0,82.0,227.0,21.8,0.8,0.7,1.5,0.589,0.547,12.7,16.7,14.7,3.5,1.1,5.0,13.9,23.9,114.6,108.5,1.1,0.4,1.5,210.0,0.0,7.32258064516129,0.5472972972972973,0.5472972972972973,0.0,0.6914893616947714,3.935483870967742,0.22580645161290322,0.2903225806451613,0.7419354838709677
182,2017,1,30,Josh Hart,Villanova,36.0,1193.0,236.0,463.0,162.0,280.0,74.0,183.0,127.0,170.0,51.0,179.0,230.0,106.0,56.0,10.0,71.0,81.0,673.0,28.2,8.2,4.0,12.1,0.619,0.59,5.8,17.6,12.2,18.8,2.9,1.0,11.5,27.8,125.1,94.5,5.1,2.6,7.7,648.0,0.0,18.694444444444443,0.509719222462203,0.5785714285714286,0.4043715846972439,0.7470588235250174,6.388888888888889,2.9444444444444446,1.5555555555555556,0.2777777777777778
183,2017,2,32,Davon Reed,Miami (FL),30.0,824.0,77.0,164.0,40.0,83.0,37.0,81.0,56.0,77.0,25.0,96.0,121.0,57.0,27.0,13.0,32.0,68.0,247.0,17.4,4.6,3.5,8.1,0.616,0.5820000000000001,3.7,13.5,8.7,14.6,2.1,1.7,13.8,15.7,122.3,100.0,2.0,1.2,3.2,243.0,0.0,8.233333333333333,0.4695121951219512,0.4819277108433735,0.4567901234511507,0.7272727272632822,4.033333333333333,1.9,0.9,0.43333333333333335
184,2017,2,48,Sindarius Thornwell,South Carolina,32.0,1031.0,154.5,387.0,106.5,242.0,48.0,145.0,158.0,200.0,63.5,127.5,191.0,79.5,54.5,20.5,73.5,77.0,515.0,22.0,5.45,4.95,10.399999999999999,0.523,0.4535,6.85,14.600000000000001,10.55,17.700000000000003,3.1,2.35,13.45,26.8,109.25,92.5,2.5500000000000003,2.3499999999999996,4.9,499.5,0.0,16.254154447702835,0.3922449257131201,0.43228638071328096,0.3297487628450882,0.7732139434225668,6.0039100684261975,2.4931573802541545,1.7160312805474094,0.6505376344086021
185,2017,2,52,Edmond Sumner,Xavier,31.0,802.0,102.0,257.0,77.0,174.0,25.0,83.0,112.0,154.0,17.0,89.0,106.0,112.0,39.0,6.0,65.0,72.0,341.0,16.6,3.1,3.3,6.4,0.516,0.446,2.3,11.7,7.1,25.2,2.7,0.9,16.4,23.2,107.6,98.4,1.4,1.4,2.9,357.0,0.0,11.0,0.3968871595330739,0.4425287356321839,0.3012048192734795,0.7272727272680047,3.4193548387096775,3.6129032258064515,1.2580645161290323,0.1935483870967742
186,2017,2,54,Alec Peters,Valparaiso,37.0,1186.0,223.0,442.0,132.0,235.0,91.0,207.0,142.0,167.0,93.0,219.0,312.0,49.0,26.0,11.0,63.0,77.0,679.0,27.2,6.8,1.7,8.5,0.6509999999999999,0.607,8.8,19.5,14.3,9.0,1.3,1.0,10.8,24.3,131.5,92.4,5.1,2.8,7.9,605.0,0.0,18.35135135135135,0.504524886877828,0.5617021276595745,0.4396135265679246,0.8502994011925132,8.432432432432432,1.3243243243243243,0.7027027027027027,0.2972972972972973
187,2018,1,12,Miles Bridges,Michigan State,34.0,1067.0,209.0,457.0,138.0,262.0,71.0,195.0,93.0,109.0,43.0,194.0,237.0,92.0,21.0,26.0,67.0,53.0,582.0,22.6,5.7,3.5,9.2,0.5720000000000001,0.535,5.2,18.2,12.5,16.9,1.2,2.5,11.6,27.1,118.2,95.5,3.3,2.2,5.5,531.0,0.0,17.11764705882353,0.4573304157549234,0.5267175572519084,0.3641025641006969,0.8532110091664843,6.970588235294118,2.7058823529411766,0.6176470588235294,0.7647058823529411
188,2018,1,18,Lonnie Walker,Miami (FL),32.0,888.0,132.0,318.0,76.0,156.0,56.0,162.0,48.0,65.0,13.0,70.0,83.0,61.0,30.0,15.0,37.0,51.0,368.0,16.3,3.1,1.6,4.8,0.527,0.503,1.7,9.2,5.5,13.0,2.0,1.8,9.6,22.4,109.4,102.9,1.6,1.3,2.8,344.0,0.0,11.5,0.41509433962264153,0.48717948717948717,0.3456790123435452,0.7384615384501775,2.59375,1.90625,0.9375,0.46875
189,2018,1,21,Grayson Allen,Duke,34.0,1007.0,141.0,357.0,60.0,135.0,81.0,222.0,129.0,159.0,23.0,104.0,127.0,119.0,26.0,2.0,74.0,78.0,492.0,19.2,6.5,0.5,7.0,0.569,0.508,2.7,11.3,7.2,21.5,1.5,0.2,14.6,25.1,116.6,104.8,3.0,1.2,4.2,499.0,0.0,14.470588235294118,0.3949579831932773,0.4444444444444444,0.36486486486322134,0.8113207547118786,3.735294117647059,3.5,0.7647058823529411,0.058823529411764705
190,2018,1,23,Aaron Holiday,UCLA,32.5,1128.5,163.0,374.5,99.5,225.5,63.5,149.0,111.5,140.0,18.0,90.5,108.5,159.5,43.5,8.0,108.5,95.0,501.0,16.25,3.6500000000000004,0.8999999999999999,4.45,0.5545,0.5095000000000001,1.8,8.25,5.15,25.5,2.2,0.75,20.15,23.299999999999997,105.75,108.1,2.1,1.05,3.1500000000000004,518.5,0.0,15.338541666666666,0.4276666165187303,0.43446378551420567,0.42431156569300055,0.7776988636300748,3.333333333333333,4.893465909090909,1.3394886363636362,0.24621212121212122
191,2018,1,26,Landry Shamet,Wichita State,32.0,1015.0,154.0,315.0,70.0,125.0,84.0,190.0,85.0,103.0,14.0,89.0,103.0,166.0,23.0,6.0,67.0,61.0,477.0,21.4,8.3,-0.1,8.2,0.655,0.622,1.6,9.7,5.8,28.8,1.3,0.7,15.5,20.7,130.1,106.2,3.8,1.1,4.9,476.0,0.0,14.90625,0.4888888888888889,0.56,0.4421052631555679,0.8252427184385899,3.21875,5.1875,0.71875,0.1875
192,2018,1,27,Robert Williams,Texas A&M,30.0,769.0,139.0,220.0,139.0,208.0,0.0,12.0,33.0,70.0,71.0,206.0,277.0,43.0,24.0,78.0,52.0,66.0,311.0,25.5,2.5,9.4,11.9,0.614,0.632,10.2,26.8,18.9,10.8,1.8,10.4,17.0,19.0,113.8,90.2,1.5,2.0,3.5,296.0,0.0,10.366666666666667,0.6318181818181818,0.6682692307692307,0.0,0.4714285714218367,9.233333333333333,1.4333333333333333,0.8,2.6
193,2018,1,28,Jacob Evans,Cincinnati,36.0,1138.0,168.0,355.0,99.0,190.0,69.0,165.0,82.0,112.0,53.0,97.0,150.0,96.0,46.0,30.0,45.0,76.0,487.0,22.6,6.7,4.0,10.7,0.597,0.57,5.5,9.7,7.7,16.2,2.5,3.1,9.9,20.6,126.7,96.6,3.8,2.2,6.0,464.0,0.0,13.527777777777779,0.4732394366197183,0.5210526315789473,0.4181818181792838,0.7321428571363201,4.166666666666667,2.6666666666666665,1.2777777777777777,0.8333333333333334
194,2018,1,30,Omari Spellman,Villanova,40.0,1125.0,160.0,336.0,95.0,186.0,65.0,150.0,49.0,70.0,90.0,231.0,321.0,30.0,26.0,59.0,40.0,92.0,434.0,20.6,3.9,4.6,8.5,0.588,0.573,9.9,23.1,16.8,4.3,1.3,5.5,9.8,18.3,122.8,96.7,2.9,2.2,5.2,425.0,0.0,10.85,0.47619047619047616,0.510752688172043,0.4333333333304445,0.69999999999,8.025,0.75,0.65,1.475
195,2018,2,34,Devonte' Graham,Kansas,29.0,517.0,46.0,117.0,29.0,77.0,17.0,40.0,55.0,76.0,8.0,35.0,43.0,61.0,25.0,0.0,33.0,44.0,164.0,14.7,3.6,1.7,5.4,0.536,0.466,1.8,7.1,4.6,23.0,2.9,0.0,17.7,18.3,109.7,100.6,0.9,0.7,1.7,174.0,0.0,5.655172413793103,0.39316239316239315,0.37662337662337664,0.42499999998937504,0.7236842105167935,1.4827586206896552,2.103448275862069,0.8620689655172413,0.0
196,2018,2,42,Bruce Brown,Miami (FL),33.0,1053.0,134.0,292.0,101.0,197.0,33.0,95.0,90.0,121.0,48.0,138.0,186.0,106.0,49.0,18.0,67.0,83.0,391.0,20.3,4.4,5.0,9.5,0.5589999999999999,0.515,5.6,15.4,10.5,20.7,2.9,1.9,16.1,20.9,114.2,97.7,2.4,2.0,4.4,411.0,0.0,11.848484848484848,0.4589041095890411,0.5126903553299492,0.34736842104897503,0.7438016528864149,5.636363636363637,3.212121212121212,1.4848484848484849,0.5454545454545454
197,2018,2,47,Sviatoslav Mykhailiuk,Kansas,35.0,449.0,67.0,149.0,30.0,57.0,37.0,92.0,17.0,25.0,12.0,35.0,47.0,32.0,12.0,5.0,26.0,42.0,188.0,15.7,4.8,1.5,6.4,0.584,0.574,3.3,8.3,6.0,12.7,1.5,1.2,13.9,20.8,113.4,101.0,0.9,0.7,1.6,173.0,0.0,5.371428571428571,0.44966442953020136,0.5263157894736842,0.40217391303910677,0.6799999999728,1.3428571428571427,0.9142857142857143,0.34285714285714286,0.14285714285714285
198,2018,2,48,Keita Bates-Diop,Ohio State,33.0,1040.0,141.0,311.0,105.0,200.0,36.0,111.0,70.0,89.0,47.0,163.0,210.0,36.0,24.0,41.0,45.0,61.0,388.0,18.1,2.3,3.6,6.0,0.5489999999999999,0.511,5.1,16.5,11.0,7.2,1.4,4.3,11.3,19.5,111.5,98.8,1.9,1.8,3.7,363.0,0.0,11.757575757575758,0.4533762057877814,0.525,0.32432432432140246,0.7865168539237469,6.363636363636363,1.0909090909090908,0.7272727272727273,1.2424242424242424
199,2018,2,50,Alize Johnson,Missouri State,33.0,997.0,169.0,346.0,129.0,243.0,40.0,103.0,109.0,161.0,110.0,241.0,351.0,63.0,20.0,6.0,76.0,83.0,487.0,24.7,4.2,0.3,4.5,0.5760000000000001,0.546,13.1,29.5,21.2,13.9,1.2,0.7,15.2,25.8,116.3,100.9,3.1,1.6,4.6,495.0,0.0,14.757575757575758,0.4884393063583815,0.5308641975308642,0.3883495145593364,0.6770186335361676,10.636363636363637,1.9090909090909092,0.6060606060606061,0.18181818181818182
200,2018,2,52,Vince Edwards,Purdue,34.333333333333336,985.3333333333334,143.0,305.0,101.0,195.0,42.0,110.0,71.33333333333333,87.0,66.33333333333333,135.66666666666666,202.0,97.0,16.333333333333332,15.0,59.666666666666664,71.0,399.3333333333333,19.433333333333334,5.366666666666667,3.0666666666666664,8.399999999999999,0.5753333333333334,0.538,8.433333333333332,14.733333333333334,11.799999999999999,19.26666666666667,1.0,1.5333333333333332,14.9,21.0,118.23333333333333,99.8,2.733333333333334,1.6333333333333335,4.3,415.6666666666667,0.0,11.576911976911978,0.46949493474787296,0.5244078696226692,0.3771199475455121,0.814006530288224,5.863203463203464,2.8233766233766233,0.47359307359307357,0.43607503607503606
201,2019,1,1,Zion Williamson,Duke,33.0,990.0,296.0,435.0,272.0,364.0,24.0,71.0,130.0,203.0,116.0,177.0,293.0,68.0,70.0,59.0,78.0,68.0,746.0,40.8,12.8,7.2,20.0,0.7020000000000001,0.708,12.7,18.0,15.5,14.9,3.9,5.8,12.8,28.6,133.1,87.4,5.5,2.8,8.3,663.0,0.0,22.606060606060606,0.6804597701149425,0.7472527472527473,0.33802816900932353,0.6403940886667961,8.878787878787879,2.0606060606060606,2.121212121212121,1.7878787878787878
202,2019,1,2,Ja Morant,Murray State,32.0,1088.0,133.0,290.0,106.0,202.0,27.0,88.0,112.0,139.0,55.0,153.0,208.0,201.0,30.0,13.0,79.0,64.0,405.0,21.2,3.6,1.8,5.4,0.569,0.505,6.3,15.5,11.2,33.1,1.6,1.3,18.2,20.4,122.6,99.1,3.5,1.9,5.5,503.0,0.0,12.65625,0.4586206896551724,0.5247524752475248,0.3068181818146952,0.8057553956776565,6.5,6.28125,0.9375,0.40625
203,2019,1,12,PJ Washington,Kentucky,35.0,1024.0,190.0,364.0,157.0,286.0,33.0,78.0,118.0,178.0,81.0,183.0,264.0,63.0,29.0,43.0,69.0,86.0,531.0,26.0,6.1,5.4,11.5,0.5920000000000001,0.5670000000000001,10.0,19.9,15.3,13.1,1.7,4.8,13.3,25.8,119.5,93.9,3.5,2.2,5.7,508.0,0.0,15.17142857142857,0.521978021978022,0.548951048951049,0.42307692307149897,0.6629213483108825,7.542857142857143,1.8,0.8285714285714286,1.2285714285714286
204,2019,1,13,Tyler Herro,Kentucky,37.0,1207.0,186.0,403.0,126.0,234.0,60.0,169.0,87.0,93.0,15.0,151.0,166.0,91.0,40.0,12.0,60.0,47.0,519.0,19.4,5.6,3.3,8.9,0.58,0.536,1.6,13.9,8.2,15.0,2.0,1.1,11.8,21.4,119.7,98.1,3.3,2.1,5.4,479.0,0.0,14.027027027027026,0.46153846153846156,0.5384615384615384,0.35502958579671584,0.9354838709576829,4.486486486486487,2.4594594594594597,1.0810810810810811,0.32432432432432434
205,2019,1,17,Nickeil Alexander-Walker,Virginia Tech,33.0,839.0,124.0,276.0,66.0,128.0,58.0,148.0,46.0,63.0,23.0,104.0,127.0,49.0,28.0,18.0,52.0,49.0,352.0,16.6,2.8,2.5,5.3,0.575,0.5539999999999999,3.6,14.0,9.1,10.6,1.9,2.5,14.5,22.0,106.8,102.7,1.3,1.2,2.4,326.0,0.0,10.666666666666666,0.4492753623188406,0.515625,0.391891891889244,0.7301587301471404,3.8484848484848486,1.4848484848484849,0.8484848484848485,0.5454545454545454
206,2019,1,20,Matisse Thybulle,Washington,34.0,819.0,71.0,179.0,37.0,86.0,34.0,93.0,35.0,49.0,38.0,71.0,109.0,55.0,39.0,32.0,47.0,111.0,211.0,11.1,1.2,3.9,5.1,0.522,0.4920000000000001,4.5,8.7,6.6,11.0,2.4,3.5,18.9,13.3,103.5,103.7,0.6,1.1,1.7,220.0,0.0,6.205882352941177,0.39664804469273746,0.43023255813953487,0.36559139784553124,0.7142857142711371,3.2058823529411766,1.6176470588235294,1.1470588235294117,0.9411764705882353
207,2019,2,31,Nicolas Claxton,Georgia,32.0,1011.0,137.0,298.0,119.0,234.0,18.0,64.0,123.0,192.0,72.0,202.0,274.0,58.0,34.0,81.0,67.0,90.0,415.0,21.2,1.5,5.7,7.2,0.5329999999999999,0.49,8.4,20.6,14.9,12.2,1.9,8.0,14.7,22.1,108.1,99.5,1.8,1.7,3.5,414.0,0.0,12.96875,0.4597315436241611,0.5085470085470085,0.28124999999560546,0.6406249999966634,8.5625,1.8125,1.0625,2.53125
208,2019,2,34,Bruno Fernando,Maryland,30.0,671.0,118.0,204.0,117.0,201.0,1.0,3.0,71.0,96.0,45.0,151.0,196.0,21.0,11.0,37.0,53.0,87.0,308.0,21.9,0.5,4.0,4.6,0.617,0.581,8.9,24.5,17.5,6.9,1.0,6.0,17.5,23.7,112.2,95.4,1.5,1.4,2.9,282.0,0.0,10.266666666666667,0.5784313725490197,0.582089552238806,0.3333333332222222,0.7395833333256293,6.533333333333333,0.7,0.36666666666666664,1.2333333333333334
209,2019,2,40,Justin James,Wyoming,32.0,1221.0,228.0,557.0,178.0,388.0,50.0,169.0,200.0,270.0,32.0,241.0,273.0,141.0,48.0,18.0,133.0,68.0,706.0,21.5,1.2,1.0,2.3,0.515,0.454,3.2,22.4,13.1,33.0,2.2,1.7,16.3,35.6,97.9,104.0,1.5,1.5,2.9,737.0,0.0,22.0625,0.40933572710951527,0.4587628865979381,0.29585798816392983,0.7407407407379973,8.53125,4.40625,1.5,0.5625
210,2019,2,42,Admiral Schofield,Tennessee,28.0,533.0,78.0,172.0,57.0,118.0,21.0,54.0,53.0,68.0,26.0,98.0,124.0,21.0,9.0,5.0,32.0,65.0,230.0,16.0,1.8,0.9,2.8,0.563,0.515,5.2,20.1,12.5,8.2,0.9,1.0,13.5,21.2,109.7,102.2,0.9,0.8,1.7,208.0,0.0,8.214285714285714,0.45348837209302323,0.4830508474576271,0.38888888888168727,0.7794117646944204,4.428571428571429,0.75,0.32142857142857145,0.17857142857142858
211,2019,2,50,Jarrell Brantley,College of Charleston,24.0,775.0,153.0,306.0,123.0,228.0,30.0,78.0,78.0,95.0,43.0,127.0,170.0,40.0,25.0,18.0,60.0,72.0,414.0,24.0,1.5,0.9,2.4,0.59,0.5489999999999999,6.9,19.5,13.3,11.9,2.0,2.7,14.6,28.5,111.7,100.4,2.0,1.3,3.3,393.0,0.0,17.25,0.5,0.5394736842105263,0.38461538461045364,0.8210526315703047,7.083333333333333,1.6666666666666667,1.0416666666666667,0.75
212,2019,2,53,Justin Wright-Foreman,Hofstra,32.0,905.0,208.0,422.0,141.0,242.0,67.0,180.0,97.0,127.0,21.0,93.0,114.0,52.0,24.0,2.0,45.0,59.0,580.0,25.3,6.0,-3.5,2.5,0.601,0.5720000000000001,2.5,11.8,7.0,13.5,1.5,0.2,8.5,29.0,121.5,112.7,3.4,0.4,3.8,500.0,0.0,18.125,0.4928909952606635,0.5826446280991735,0.37222222222015433,0.7637795275530411,3.5625,1.625,0.75,0.0625
213,2019,2,57,Jordan Bone,Tennessee,35.0,810.0,92.0,235.0,65.0,164.0,27.0,71.0,46.0,56.0,8.0,64.0,72.0,124.0,26.0,2.0,44.0,40.0,257.0,14.0,1.8,1.5,3.3,0.491,0.449,1.1,9.0,5.1,29.9,1.9,0.3,14.4,19.2,108.4,102.0,1.2,1.2,2.4,284.0,0.0,7.3428571428571425,0.39148936170212767,0.39634146341463417,0.38028169013548896,0.8214285714139031,2.057142857142857,3.5428571428571427,0.7428571428571429,0.05714285714285714
214,2019,2,59,Dewan Hernandez,Miami (FL),32.0,825.0,147.0,255.0,147.0,252.0,0.0,3.0,71.0,103.0,65.0,148.0,213.0,14.0,16.0,31.0,44.0,60.0,365.0,22.1,1.1,2.4,3.5,0.6,0.5760000000000001,9.3,20.8,15.1,3.4,1.1,4.1,12.6,21.7,116.5,98.9,2.0,1.5,3.5,339.0,0.0,11.40625,0.5764705882352941,0.5833333333333334,0.0,0.689320388342822,6.65625,0.4375,0.5,0.96875
